date,demand,avg_resolution_time,active_resources,backlog,day_of_week,is_weekend,demand_growth_rate,demand_lag_1,demand_lag_7,demand_lag_14,rolling_mean_7,rolling_std_7,rolling_mean_14
2022-01-15,108,3.7105183724029143,19,0,5,1,0.0188679245283018,106.0,130.0,125.0,118.0,8.640987597877158,122.42857142857143
2022-01-16,120,4.031844196825808,24,0,6,1,0.1111111111111111,108.0,118.0,119.0,118.28571428571429,8.67398958023904,122.5
2022-01-17,116,4.235980666623305,20,0,0,0,-0.0333333333333333,120.0,129.0,127.0,116.42857142857143,7.276838664721181,121.71428571428571
2022-01-18,129,4.0696077043224514,19,15,1,0,0.1120689655172413,116.0,119.0,136.0,117.85714285714286,8.706866474772884,121.21428571428571
2022-01-19,118,4.603076697835296,23,0,2,0,-0.0852713178294574,129.0,119.0,119.0,117.71428571428571,8.693182879212236,121.14285714285714
2022-01-20,113,4.191985776273431,20,0,3,0,-0.0423728813559322,118.0,127.0,119.0,115.71428571428571,7.7613204571191,120.71428571428571
2022-01-21,142,3.858029094558733,22,10,4,0,0.2566371681415929,113.0,106.0,138.0,120.85714285714286,11.34942834725714,121.0
2022-01-22,126,4.200596108163445,16,30,5,1,-0.1126760563380281,142.0,108.0,130.0,123.42857142857143,9.897089519266816,120.71428571428571
2022-01-23,129,4.249818550562979,23,0,6,1,0.0238095238095237,126.0,120.0,118.0,124.71428571428571,9.961831921795074,121.5
2022-01-24,114,3.351812040368079,19,0,0,0,-0.1162790697674418,129.0,116.0,129.0,124.42857142857143,10.277112805600984,120.42857142857143
2022-01-25,123,4.574709864131857,21,0,1,0,0.0789473684210526,114.0,129.0,119.0,123.57142857142857,10.080627342534179,120.71428571428571
2022-01-26,130,3.8495479903193206,24,0,2,0,0.056910569105691,123.0,118.0,119.0,125.28571428571429,9.995236960911031,121.5
2022-01-27,118,3.862338388247285,15,28,3,0,-0.0923076923076923,130.0,113.0,127.0,126.0,9.110433579144305,120.85714285714286
2022-01-28,134,4.375687993537973,24,0,4,0,0.1355932203389831,118.0,142.0,106.0,124.85714285714286,7.033931367037257,122.85714285714286
2022-01-29,124,4.37358261212979,19,10,5,1,-0.0746268656716417,134.0,126.0,108.0,124.57142857142857,7.020378500174648,124.0
2022-01-30,128,3.649584160566957,24,0,6,1,0.032258064516129,124.0,129.0,120.0,124.42857142857143,6.924765768773779,124.57142857142857
2022-01-31,125,4.401450809072843,16,29,0,0,-0.0234375,128.0,114.0,116.0,126.0,5.196152422706645,125.21428571428571
2022-02-01,150,3.719775924255238,20,30,1,0,0.1999999999999999,125.0,123.0,129.0,129.85714285714286,10.205040771249141,126.71428571428571
2022-02-02,131,4.909786523349328,15,41,2,0,-0.1266666666666667,150.0,130.0,118.0,130.0,10.214368964029713,127.64285714285714
2022-02-03,121,3.5859030093671183,17,19,3,0,-0.0763358778625954,131.0,118.0,113.0,130.42857142857142,9.675693650537294,128.21428571428572
2022-02-04,140,4.119738730852948,19,26,4,0,0.1570247933884296,121.0,134.0,142.0,131.28571428571428,10.291003930849604,128.07142857142858
2022-02-05,120,3.608991181546197,18,12,5,1,-0.1428571428571429,140.0,124.0,126.0,130.71428571428572,10.858395917664913,127.64285714285714
2022-02-06,135,5.111347814567537,17,33,6,1,0.125,120.0,128.0,129.0,131.71428571428572,10.889050857234007,128.07142857142858
2022-02-07,114,3.381089527956442,24,0,0,0,-0.1555555555555555,135.0,125.0,114.0,130.14285714285714,12.667919737517702,128.07142857142858
2022-02-08,120,4.262181373626455,19,6,1,0,0.0526315789473683,114.0,150.0,123.0,125.85714285714286,9.51189731211342,127.85714285714286
2022-02-09,136,3.6325447927611,22,4,2,0,0.1333333333333333,120.0,131.0,130.0,126.57142857142857,10.13010600235988,128.28571428571428
2022-02-10,142,3.8229461792760064,18,34,3,0,0.0441176470588235,136.0,121.0,118.0,129.57142857142858,11.25251294685093,130.0
2022-02-11,136,4.226768916872588,15,46,4,0,-0.0422535211267606,142.0,140.0,134.0,129.0,10.723805294763617,130.14285714285714
2022-02-12,134,4.612292218813072,21,8,5,1,-0.0147058823529411,136.0,120.0,124.0,131.0,10.049875621120906,130.85714285714286
2022-02-13,132,4.811698281149523,22,0,6,1,-0.0149253731343284,134.0,135.0,128.0,130.57142857142858,9.913915184512856,131.14285714285714
2022-02-14,121,3.23152601998684,17,19,0,0,-0.0833333333333333,132.0,114.0,125.0,131.57142857142858,8.162049229148764,130.85714285714286
2022-02-15,128,4.133875612182231,20,8,1,0,0.0578512396694215,121.0,120.0,150.0,132.71428571428572,6.701101544131552,129.28571428571428
2022-02-16,131,4.7297468016917605,16,35,2,0,0.0234375,128.0,136.0,131.0,132.0,6.557438524302024,129.28571428571428
2022-02-17,147,3.1573445306190298,21,21,3,0,0.1221374045801526,131.0,142.0,121.0,132.71428571428572,7.95223837910406,131.14285714285714
2022-02-18,140,4.157191747027424,22,8,4,0,-0.0476190476190476,147.0,136.0,140.0,133.28571428571428,8.360906763309963,131.14285714285714
2022-02-19,119,3.998958101289908,20,0,5,1,-0.15,140.0,134.0,120.0,131.14285714285714,9.923517041663743,131.07142857142858
2022-02-20,140,4.207270907189894,20,20,6,1,0.1764705882352941,119.0,132.0,135.0,132.28571428571428,10.483547200483347,131.42857142857142
2022-02-21,133,3.6138479873367615,19,19,0,0,-0.05,140.0,121.0,114.0,134.0,9.237604307034038,132.78571428571428
2022-02-22,131,3.28219058589328,22,0,1,0,-0.0150375939849624,133.0,128.0,120.0,134.42857142857142,8.978811035936111,133.57142857142858
2022-02-23,144,3.043446787410488,15,54,2,0,0.0992366412213741,131.0,131.0,136.0,136.28571428571428,9.48181216354566,134.14285714285714
2022-02-24,148,4.488191976731051,24,4,3,0,0.0277777777777776,144.0,147.0,142.0,136.42857142857142,9.675693650537317,134.57142857142858
2022-02-25,148,4.552024568241677,18,40,4,0,0.0,148.0,140.0,136.0,137.57142857142858,10.596495377515854,135.42857142857142
2022-02-26,130,4.151342674497993,18,22,5,1,-0.1216216216216216,148.0,119.0,134.0,139.14285714285714,7.84067538393161,135.14285714285714
2022-02-27,136,3.732925825155952,17,34,6,1,0.0461538461538462,130.0,140.0,132.0,138.57142857142858,7.913219801006936,135.42857142857142
2022-02-28,142,3.1884770532671274,17,40,0,0,0.0441176470588235,136.0,133.0,121.0,139.85714285714286,7.581305327988782,136.92857142857142
2022-03-01,149,4.281672731252512,18,41,1,0,0.0492957746478872,142.0,131.0,128.0,142.42857142857142,7.114706432386947,138.42857142857142
2022-03-02,135,3.449610358581657,15,45,2,0,-0.0939597315436241,149.0,144.0,131.0,141.14285714285714,7.581305327988783,138.71428571428572
2022-03-03,138,3.644350687619731,16,42,3,0,0.0222222222222221,135.0,148.0,147.0,139.71428571428572,6.99319397019435,138.07142857142858
2022-03-04,129,3.706717960218641,23,0,4,0,-0.0652173913043477,138.0,148.0,140.0,137.0,6.928203230275575,137.28571428571428
2022-03-05,128,3.901232387151516,24,0,5,1,-0.0077519379844961,129.0,130.0,119.0,136.71428571428572,7.29644401322289,137.92857142857142
2022-03-06,148,3.620479776395676,16,52,6,1,0.15625,128.0,136.0,140.0,138.42857142857142,8.423323628614883,138.5
2022-03-07,154,4.016729385496151,19,40,0,0,0.0405405405405405,148.0,142.0,133.0,140.14285714285714,10.286375640113706,140.0
2022-03-08,140,3.689090849746804,23,2,1,0,-0.0909090909090909,154.0,149.0,131.0,138.85714285714286,9.529403119268522,140.64285714285714
2022-03-09,151,4.350686532419611,23,13,2,0,0.0785714285714285,140.0,135.0,144.0,141.14285714285714,10.334869317486538,141.14285714285714
2022-03-10,144,4.515531456994027,22,12,3,0,-0.0463576158940397,151.0,138.0,148.0,142.0,10.279429296739556,140.85714285714286
2022-03-11,135,4.054271338014219,15,45,4,0,-0.0625,144.0,129.0,148.0,142.85714285714286,9.209208641871713,139.92857142857142
2022-03-12,145,4.231313167690551,15,55,5,1,0.0740740740740741,135.0,128.0,130.0,145.28571428571428,6.47338874970156,141.0
2022-03-13,157,5.058927974812945,23,19,6,1,0.0827586206896551,145.0,148.0,136.0,146.57142857142858,7.849780100044097,142.5
2022-03-14,141,3.413698371569342,22,9,0,0,-0.1019108280254776,157.0,154.0,142.0,144.71428571428572,7.319250547114057,142.42857142857142
2022-03-15,157,3.3832659493599477,24,13,1,0,0.1134751773049644,141.0,140.0,149.0,147.14285714285714,8.25486869325356,143.0
2022-03-16,116,4.347498950388437,23,0,2,0,-0.2611464968152867,157.0,151.0,135.0,142.14285714285714,14.07632257171092,141.64285714285714
2022-03-17,150,4.973271418757383,21,24,3,0,0.2931034482758621,116.0,144.0,138.0,143.0,14.387494569938196,142.5
2022-03-18,143,3.869750719030639,17,41,4,0,-0.0466666666666666,150.0,135.0,129.0,144.14285714285714,13.957418235817281,143.5
2022-03-19,139,4.86341692110938,17,37,5,1,-0.027972027972028,143.0,145.0,128.0,143.28571428571428,14.079705083491497,144.28571428571428
2022-03-20,143,4.048216859396745,16,47,6,1,0.0287769784172662,139.0,157.0,148.0,141.28571428571428,12.737271891503948,143.92857142857142
2022-03-21,123,3.659556358980459,19,9,0,0,-0.1398601398601399,143.0,141.0,154.0,138.71428571428572,14.49958948515774,141.71428571428572
2022-03-22,140,3.5046538056811483,17,38,1,0,0.1382113821138211,123.0,157.0,140.0,136.28571428571428,12.16161016908386,141.71428571428572
2022-03-23,146,4.314706792443394,20,26,2,0,0.0428571428571429,140.0,116.0,151.0,140.57142857142858,8.58015428876713,141.35714285714286
2022-03-24,157,3.542520466108652,16,61,3,0,0.0753424657534247,146.0,150.0,144.0,141.57142857142858,10.130106002359936,142.28571428571428
2022-03-25,138,4.040638421383514,17,36,4,0,-0.1210191082802547,157.0,143.0,135.0,140.85714285714286,10.188695883650915,142.5
2022-03-26,135,4.791732512692047,19,21,5,1,-0.0217391304347825,138.0,139.0,145.0,140.28571428571428,10.419761445034622,141.78571428571428
2022-03-27,138,3.8466098035643146,15,48,6,1,0.0222222222222221,135.0,143.0,157.0,139.57142857142858,10.373960074101364,140.42857142857142
2022-03-28,152,4.65700473732195,15,62,0,0,0.1014492753623188,138.0,123.0,141.0,143.71428571428572,8.220184217609077,141.21428571428572
2022-03-29,146,3.3927282551367965,24,2,1,0,-0.0394736842105263,152.0,140.0,157.0,144.57142857142858,8.079957567073906,140.42857142857142
2022-03-30,138,3.7330454493416,23,0,2,0,-0.0547945205479452,146.0,146.0,116.0,143.42857142857142,8.403514004215642,142.0
2022-03-31,148,3.296427986892542,21,22,3,0,0.0724637681159421,138.0,157.0,150.0,142.14285714285714,6.440201120787419,141.85714285714286
2022-04-01,144,4.036498377986679,15,54,4,0,-0.0270270270270269,148.0,138.0,143.0,143.0,6.191391873668979,141.92857142857142
2022-04-02,153,4.390039089858291,22,21,5,1,0.0625,144.0,135.0,139.0,145.57142857142858,6.051367417290756,142.92857142857142
2022-04-03,136,4.037593543803093,17,34,6,1,-0.1111111111111111,153.0,138.0,143.0,145.28571428571428,6.499084184567536,142.42857142857142
2022-04-04,140,4.613525029985076,22,8,0,0,0.0294117647058822,136.0,152.0,123.0,143.57142857142858,5.996030432909916,143.64285714285714
2022-04-05,139,3.625410379685435,19,25,1,0,-0.0071428571428571,140.0,146.0,140.0,142.57142857142858,6.106202935189377,143.57142857142858
2022-04-06,129,4.112671376844534,15,39,2,0,-0.0719424460431654,139.0,138.0,146.0,141.28571428571428,7.910210399947014,142.35714285714286
2022-04-07,146,3.736265338193072,21,20,3,0,0.1317829457364341,129.0,148.0,157.0,141.0,7.659416862050795,141.57142857142858
2022-04-08,146,4.180838292711828,19,32,4,0,0.0,146.0,144.0,138.0,141.28571428571428,7.825477316949849,142.14285714285714
2022-04-09,143,4.251868023106213,20,23,5,1,-0.0205479452054794,146.0,153.0,135.0,139.85714285714286,6.039552175136167,142.71428571428572
2022-04-10,141,4.291197979992031,20,21,6,1,-0.0139860139860139,143.0,136.0,138.0,140.57142857142858,5.798193478925057,142.92857142857142
2022-04-11,129,3.464702830882199,22,0,0,0,-0.0851063829787234,141.0,140.0,152.0,139.0,7.280109889280626,141.28571428571428
2022-04-12,139,3.5551269491067155,23,1,1,0,0.0775193798449611,129.0,139.0,146.0,139.0,7.280109889280626,140.78571428571428
2022-04-13,140,3.647856145904405,16,44,2,0,0.0071942446043165,139.0,129.0,138.0,140.57142857142858,5.798193478925061,140.92857142857142
2022-04-14,135,3.8805596260667015,23,0,3,0,-0.0357142857142857,140.0,146.0,148.0,139.0,5.567764362830161,140.0
2022-04-15,142,4.043593202103216,24,0,4,0,0.0518518518518518,135.0,146.0,144.0,138.42857142857142,4.894116973712678,139.85714285714286
2022-04-16,147,4.3540445609283385,23,9,5,1,0.0352112676056337,142.0,143.0,153.0,139.0,5.6862407030774635,139.42857142857142
2022-04-17,162,3.575950650330384,24,18,6,1,0.1020408163265305,147.0,141.0,136.0,142.0,10.456258094238814,141.28571428571428
2022-04-18,145,3.199490351149124,24,1,0,0,-0.1049382716049383,162.0,129.0,140.0,144.28571428571428,8.75051018920782,141.64285714285714
2022-04-19,146,5.077871581603395,21,20,1,0,0.0068965517241379,145.0,139.0,139.0,145.28571428571428,8.440266301373226,142.14285714285714
2022-04-20,142,3.434273489673785,15,52,2,0,-0.0273972602739726,146.0,140.0,129.0,145.57142857142858,8.263517065131259,143.07142857142858
2022-04-21,124,4.418161861497776,21,0,3,0,-0.1267605633802817,142.0,135.0,146.0,144.0,11.150485789118543,141.5
2022-04-22,143,4.015633438624337,24,0,4,0,0.153225806451613,124.0,142.0,146.0,144.14285714285714,11.126972805283792,141.28571428571428
2022-04-23,143,4.12565282040319,19,29,5,1,0.0,143.0,147.0,143.0,143.57142857142858,11.058287131636416,141.28571428571428
2022-04-24,167,3.999224747082049,20,47,6,1,0.1678321678321679,143.0,162.0,141.0,144.28571428571428,12.512850537404734,143.14285714285714
2022-04-25,141,3.807579059026437,24,0,0,0,-0.155688622754491,167.0,145.0,129.0,143.71428571428572,12.566016150903327,144.0
2022-04-26,145,4.2319861414617295,21,19,1,0,0.0283687943262411,141.0,146.0,139.0,143.57142857142858,12.541360144964964,144.42857142857142
2022-04-27,142,3.780706396871352,19,28,2,0,-0.0206896551724138,145.0,142.0,140.0,143.57142857142858,12.541360144964964,144.57142857142858
2022-04-28,131,4.583151373618395,21,5,3,0,-0.0774647887323943,142.0,124.0,135.0,144.57142857142858,10.891237194141397,144.28571428571428
2022-04-29,154,4.284220503128077,23,16,4,0,0.1755725190839694,131.0,143.0,142.0,146.14285714285714,11.408017231002878,145.14285714285714
2022-04-30,150,4.299797056640747,17,48,5,1,-0.0259740259740259,154.0,143.0,147.0,147.14285714285714,11.393398255548044,145.35714285714286
2022-05-01,150,3.746438469971705,22,18,6,1,0.0,150.0,167.0,162.0,144.71428571428572,7.6531972777023025,144.5
2022-05-02,133,3.881822631455502,16,37,0,0,-0.1133333333333332,150.0,141.0,145.0,143.57142857142858,8.810167286666521,143.64285714285714
2022-05-03,156,3.4060435956789674,21,30,1,0,0.1729323308270676,133.0,145.0,146.0,145.14285714285714,10.007140307943049,144.35714285714286
2022-05-04,127,3.823491971637219,16,31,2,0,-0.1858974358974359,156.0,142.0,142.0,143.0,12.165525060596494,143.28571428571428
2022-05-05,147,3.4817120418218512,18,39,3,0,0.1574803149606298,127.0,131.0,124.0,145.28571428571428,10.980502200328996,144.92857142857142
2022-05-06,163,4.656534257794357,21,37,4,0,0.1088435374149658,147.0,154.0,143.0,146.57142857142858,12.581165060745196,146.35714285714286
2022-05-07,131,4.025267907797003,17,29,5,1,-0.1963190184049079,163.0,150.0,143.0,143.85714285714286,13.716517675520212,145.5
2022-05-08,135,4.085248617520215,16,39,6,1,0.0305343511450382,131.0,150.0,167.0,141.71428571428572,13.768494056048022,143.21428571428572
2022-05-09,142,3.8874267363249895,24,0,0,0,0.0518518518518518,135.0,133.0,141.0,143.0,13.228756555322999,143.28571428571428
2022-05-10,135,4.098789461025704,21,9,1,0,-0.0492957746478873,142.0,156.0,145.0,140.0,12.124355652982185,142.57142857142858
2022-05-11,125,5.232438817928841,15,35,2,0,-0.074074074074074,135.0,127.0,142.0,139.71428571428572,12.499523800453211,141.35714285714286
2022-05-12,141,3.849929857803754,22,9,3,0,0.1279999999999999,125.0,147.0,131.0,138.85714285714286,12.116498001053145,142.07142857142858
2022-05-13,129,3.6747934826450033,17,27,4,0,-0.0851063829787234,141.0,163.0,154.0,134.0,6.191391873668968,140.28571428571428
2022-05-14,145,4.2648465664527215,16,49,5,1,0.1240310077519379,129.0,131.0,150.0,136.0,7.234178138070298,139.92857142857142
2022-05-15,130,2.737140683198756,17,28,6,1,-0.1034482758620689,145.0,135.0,150.0,135.28571428571428,7.587583842794057,138.5
2022-05-16,155,4.031978393455466,19,41,0,0,0.1923076923076923,130.0,142.0,133.0,137.14285714285714,10.526610271570084,140.07142857142858
2022-05-17,131,3.8141435483535497,22,0,1,0,-0.1548387096774193,155.0,135.0,156.0,136.57142857142858,10.768118728560804,138.28571428571428
2022-05-18,136,3.503843366981953,24,0,2,0,0.0381679389312976,131.0,125.0,127.0,138.14285714285714,9.529403119268533,138.92857142857142
2022-05-19,147,4.25387883515575,21,21,3,0,0.0808823529411764,136.0,141.0,147.0,139.0,10.08298897483617,138.92857142857142
2022-05-20,126,4.026994209222896,21,0,4,0,-0.1428571428571429,147.0,129.0,163.0,138.57142857142858,10.627905765125224,136.28571428571428
2022-05-21,141,3.0987955462528918,21,15,5,1,0.119047619047619,126.0,145.0,131.0,138.0,10.327955589886491,137.0
2022-05-22,151,3.676735239403781,22,19,6,1,0.0709219858156029,141.0,130.0,135.0,141.0,10.661457061146383,138.14285714285714
2022-05-23,122,2.5558643974036377,15,32,0,0,-0.1920529801324503,151.0,155.0,142.0,136.28571428571428,10.734900802433899,136.71428571428572
2022-05-24,140,4.146634657066752,18,32,1,0,0.1475409836065573,122.0,131.0,135.0,137.57142857142858,10.533393610436374,137.07142857142858
2022-05-25,140,4.141649709220078,20,20,2,0,0.0,140.0,136.0,125.0,138.14285714285714,10.542431272854383,138.14285714285714
2022-05-26,145,3.6033590530831634,23,7,3,0,0.0357142857142858,140.0,147.0,141.0,137.85714285714286,10.28637564011371,138.42857142857142
2022-05-27,125,4.270056355841564,16,29,4,0,-0.1379310344827586,145.0,126.0,129.0,137.71428571428572,10.483547200483374,138.14285714285714
2022-05-28,124,3.3587506894392387,15,34,5,1,-0.008,125.0,141.0,145.0,135.28571428571428,11.513966674062821,136.64285714285714
2022-05-29,142,3.5167414870325038,24,0,6,1,0.1451612903225807,124.0,151.0,130.0,134.0,9.848857801796134,137.5
2022-05-30,139,4.208595232191282,16,43,0,0,-0.0211267605633802,142.0,122.0,155.0,136.42857142857142,8.383657572069307,136.35714285714286
2022-05-31,138,3.655666622518528,21,12,1,0,-0.0071942446043165,139.0,140.0,131.0,136.14285714285714,8.275034167675152,136.85714285714286
2022-06-01,139,3.9686715218987776,17,37,2,0,0.0072463768115942,138.0,140.0,136.0,136.0,8.205689083394157,137.07142857142858
2022-06-02,129,3.7181754862868286,24,0,3,0,-0.0719424460431654,139.0,145.0,147.0,133.71428571428572,7.476948702830763,135.78571428571428
2022-06-03,138,3.794534421850408,16,42,4,0,0.069767441860465,129.0,125.0,126.0,135.57142857142858,6.502746672423504,136.64285714285714
2022-06-04,138,3.816387892022504,21,12,5,1,0.0,138.0,124.0,141.0,137.57142857142858,4.035556254807374,136.42857142857142
2022-06-05,128,3.6466216213909113,16,32,6,1,-0.072463768115942,138.0,142.0,151.0,135.57142857142858,4.859943170351717,134.78571428571428
2022-06-06,153,4.151224857180062,17,51,0,0,0.1953125,128.0,139.0,122.0,137.57142857142858,8.223080178318115,137.0
2022-06-07,139,3.6860357566230255,21,13,1,0,-0.0915032679738562,153.0,138.0,140.0,137.71428571428572,8.240434570140252,136.92857142857142
2022-06-08,122,4.007843356897801,18,14,2,0,-0.1223021582733813,139.0,139.0,140.0,135.28571428571428,10.09478884894392,135.64285714285714
2022-06-09,140,3.635634159312799,15,50,3,0,0.1475409836065573,122.0,129.0,145.0,136.85714285714286,9.805246409084159,135.28571428571428
2022-06-10,124,3.2328506868077707,19,10,4,0,-0.1142857142857143,140.0,138.0,125.0,134.85714285714286,10.899978156378312,135.21428571428572
2022-06-11,141,4.456217624629583,23,3,5,1,0.1370967741935485,124.0,138.0,124.0,135.28571428571428,11.101265479128756,136.42857142857142
2022-06-12,144,4.249763492547705,22,12,6,1,0.0212765957446807,141.0,128.0,142.0,137.57142857142858,10.9978352848359,136.57142857142858
2022-06-13,124,5.1443410343988365,23,0,0,0,-0.1388888888888888,144.0,153.0,139.0,133.42857142857142,9.589180410878791,135.5
2022-06-14,142,3.478013580000871,24,0,1,0,0.1451612903225807,124.0,139.0,138.0,133.85714285714286,9.940297973880076,135.78571428571428
2022-06-15,136,3.895519756333985,23,0,2,0,-0.0422535211267606,142.0,122.0,139.0,135.85714285714286,8.454359258760595,135.57142857142858
2022-06-16,140,3.935746259572097,21,14,3,0,0.0294117647058822,136.0,140.0,129.0,135.85714285714286,8.454359258760595,136.35714285714286
2022-06-17,150,4.494684719141065,18,42,4,0,0.0714285714285714,140.0,124.0,138.0,139.57142857142858,8.079957567073897,137.21428571428572
2022-06-18,129,3.746446052933696,19,15,5,1,-0.14,150.0,141.0,138.0,137.85714285714286,8.952254305081912,136.57142857142858
2022-06-19,123,3.414479072912073,15,33,6,1,-0.0465116279069767,129.0,144.0,128.0,134.85714285714286,10.007140307943008,136.21428571428572
2022-06-20,122,4.603904654230501,15,32,0,0,-0.008130081300813,123.0,124.0,153.0,134.57142857142858,10.390013520317552,134.0
2022-06-21,122,3.841674985369386,17,20,1,0,0.0,122.0,142.0,139.0,131.71428571428572,10.750415274370996,132.78571428571428
2022-06-22,129,4.4393217548630215,22,0,2,0,0.0573770491803278,122.0,136.0,122.0,130.71428571428572,10.609968358644112,133.28571428571428
2022-06-23,133,4.381099200396106,16,37,3,0,0.0310077519379845,129.0,140.0,140.0,129.71428571428572,9.894683517160242,132.78571428571428
2022-06-24,132,3.98505476304885,18,24,4,0,-0.0075187969924812,133.0,150.0,124.0,127.14285714285714,4.7409060817728905,133.35714285714286
2022-06-25,137,3.912843147482626,16,41,5,1,0.0378787878787878,132.0,129.0,141.0,128.28571428571428,6.047431568147691,133.07142857142858
2022-06-26,129,3.8042175968350977,19,15,6,1,-0.0583941605839416,137.0,123.0,144.0,129.14285714285714,5.5805785670356585,132.0
2022-06-27,143,3.992403435615005,23,5,0,0,0.1085271317829457,129.0,122.0,124.0,132.14285714285714,6.64400911670488,133.35714285714286
2022-06-28,125,4.431550113085316,15,35,1,0,-0.1258741258741258,143.0,122.0,142.0,132.57142857142858,5.940177967511976,132.14285714285714
2022-06-29,155,3.6017799094702103,19,41,2,0,0.24,125.0,129.0,136.0,136.28571428571428,10.045136231269437,133.5
2022-06-30,134,4.0544228151045605,23,0,3,0,-0.1354838709677419,155.0,133.0,140.0,136.42857142857142,9.997618764104828,133.07142857142858
2022-07-01,119,3.440684285900596,15,29,4,0,-0.1119402985074626,134.0,132.0,150.0,134.57142857142858,11.970201096293849,130.85714285714286
2022-07-02,116,3.5029468834789035,23,0,5,1,-0.0252100840336134,119.0,137.0,129.0,131.57142857142858,13.758114488755888,129.92857142857142
2022-07-03,131,3.984530501422188,22,0,6,1,0.1293103448275863,116.0,129.0,123.0,131.85714285714286,13.71651767552018,130.5
2022-07-04,124,3.019920995853084,18,16,0,0,-0.0534351145038167,131.0,143.0,122.0,129.14285714285714,13.005493344846933,130.64285714285714
2022-07-05,133,5.030279308308026,24,0,1,0,0.0725806451612902,124.0,125.0,122.0,130.28571428571428,12.932056883500621,131.42857142857142
2022-07-06,130,3.403470022544882,19,16,2,0,-0.0225563909774436,133.0,155.0,129.0,126.71428571428571,7.1113591226592945,131.5
2022-07-07,125,3.9799557436717232,19,11,3,0,-0.0384615384615384,130.0,134.0,133.0,125.42857142857143,6.347102826149536,130.92857142857142
2022-07-08,117,4.584108860908432,20,0,4,0,-0.0639999999999999,125.0,119.0,132.0,125.14285714285714,6.718843437888572,129.85714285714286
2022-07-09,110,3.568547330624751,21,0,5,1,-0.0598290598290598,117.0,116.0,137.0,124.28571428571429,8.280786712108327,127.92857142857143
2022-07-10,120,2.8486515052276418,22,0,6,1,0.0909090909090908,110.0,131.0,129.0,122.71428571428571,7.825477316949856,127.28571428571429
2022-07-11,133,3.777527119937664,22,1,0,0,0.1083333333333333,120.0,124.0,143.0,124.0,8.755950357709208,126.57142857142857
2022-07-12,126,3.5625898099619406,16,30,1,0,-0.0526315789473684,133.0,133.0,125.0,123.0,7.916228058025369,126.64285714285714
2022-07-13,111,2.861813245703999,23,0,2,0,-0.119047619047619,126.0,130.0,155.0,120.28571428571429,8.360906763310044,123.5
2022-07-14,125,4.1424449462861,21,0,3,0,0.1261261261261261,111.0,125.0,134.0,120.28571428571429,8.360906763310044,122.85714285714286
2022-07-15,127,4.103546931116476,18,19,4,0,0.016,125.0,117.0,119.0,121.71428571428571,8.55792587243526,123.42857142857143
2022-07-16,114,4.571163227269176,18,6,5,1,-0.1023622047244094,127.0,110.0,116.0,122.28571428571429,7.739816658342974,123.28571428571429
2022-07-17,124,3.439588817239806,22,0,6,1,0.087719298245614,114.0,120.0,131.0,122.85714285714286,7.690439333539962,122.78571428571429
2022-07-18,123,3.200431756776493,18,15,0,0,-0.0080645161290322,124.0,133.0,124.0,121.42857142857143,6.294366339755671,122.71428571428571
2022-07-19,110,3.796638458476708,20,0,1,0,-0.1056910569105691,123.0,126.0,133.0,119.14285714285714,7.197883286739624,121.07142857142857
2022-07-20,125,3.955828670495453,19,11,2,0,0.1363636363636364,110.0,111.0,130.0,121.14285714285714,6.466028441750425,120.71428571428571
2022-07-21,127,4.460674801493248,17,25,3,0,0.016,125.0,125.0,125.0,121.42857142857143,6.704653678780327,120.85714285714286
2022-07-22,132,4.705284002502579,24,0,4,0,0.0393700787401574,127.0,127.0,117.0,122.14285714285714,7.603257447273858,121.92857142857143
2022-07-23,131,4.607239566953673,16,35,5,1,-0.0075757575757575,132.0,114.0,110.0,124.57142857142857,7.276838664721266,123.42857142857143
2022-07-24,107,4.138271833446334,23,0,6,1,-0.1832061068702289,131.0,124.0,120.0,122.14285714285714,9.873003113348647,122.5
2022-07-25,111,4.399749626752074,24,0,0,0,0.0373831775700934,107.0,123.0,133.0,120.42857142857143,10.706028564273932,120.92857142857143
2022-07-26,125,3.679753282615408,23,0,1,0,0.1261261261261261,111.0,110.0,126.0,122.57142857142857,9.727232269204286,120.85714285714286
2022-07-27,125,4.084197596237623,15,35,2,0,0.0,125.0,125.0,111.0,122.57142857142857,9.727232269204286,121.85714285714286
2022-07-28,124,3.4043549303560967,24,0,3,0,-0.008,125.0,127.0,125.0,122.14285714285714,9.564318610135908,121.78571428571429
2022-07-29,158,4.031342698443437,17,56,4,0,0.2741935483870967,124.0,132.0,127.0,125.85714285714286,16.537115542808298,124.0
2022-07-30,124,4.044323348699006,22,0,5,1,-0.2151898734177215,158.0,131.0,114.0,124.85714285714286,16.38524307040307,124.71428571428571
2022-07-31,130,4.861064302842485,20,10,6,1,0.0483870967741935,124.0,107.0,124.0,128.14285714285714,14.392458342578529,125.14285714285714
2022-08-01,128,3.8855085692548768,19,14,0,0,-0.0153846153846153,130.0,111.0,123.0,130.57142857142858,12.299825782738358,125.5
2022-08-02,124,4.045021418826643,19,10,1,0,-0.03125,128.0,125.0,110.0,130.42857142857142,12.380860805522177,126.5
2022-08-03,115,4.118480707856022,20,0,2,0,-0.0725806451612903,124.0,125.0,125.0,129.0,13.62595562397983,125.78571428571429
2022-08-04,125,3.7725898420557735,21,0,3,0,0.0869565217391303,115.0,124.0,127.0,129.14285714285714,13.569924728710106,125.64285714285714
2022-08-05,109,3.5987536333941765,15,19,4,0,-0.128,125.0,158.0,132.0,122.14285714285714,7.4705772072527745,124.0
2022-08-06,115,4.649405662423526,23,0,5,1,0.0550458715596329,109.0,124.0,131.0,120.85714285714286,7.861903319777257,122.85714285714286
2022-08-07,112,3.509541278519851,17,10,6,1,-0.026086956521739,115.0,130.0,107.0,118.28571428571429,7.296444013222878,123.21428571428571
2022-08-08,117,3.3360409641563638,18,9,0,0,0.0446428571428572,112.0,128.0,111.0,116.71428571428571,5.9080252119267875,123.64285714285714
2022-08-09,139,4.34013268964774,24,0,1,0,0.188034188034188,117.0,124.0,125.0,118.85714285714286,10.172324733127196,124.64285714285714
2022-08-10,97,4.578907421012005,15,7,2,0,-0.302158273381295,139.0,115.0,125.0,116.28571428571429,13.149325530412675,122.64285714285714
2022-08-11,123,3.7742951711996806,24,0,3,0,0.268041237113402,97.0,125.0,124.0,116.0,12.94861639970338,122.57142857142857
2022-08-12,99,3.78197325617506,17,0,4,0,-0.1951219512195121,123.0,109.0,158.0,114.57142857142857,14.327795164843574,118.35714285714286
2022-08-13,111,4.141271763053396,16,15,5,1,0.1212121212121211,99.0,115.0,124.0,114.0,14.387494569938179,117.42857142857143
2022-08-14,126,3.646073661628408,16,30,6,1,0.1351351351351351,111.0,112.0,130.0,116.0,15.022205785658352,117.14285714285714
2022-08-15,116,3.609143739694016,15,26,0,0,-0.0793650793650794,126.0,117.0,128.0,115.85714285714286,15.015864626327419,116.28571428571429
2022-08-16,104,4.439796293993183,22,0,1,0,-0.1034482758620689,116.0,139.0,124.0,110.85714285714286,11.422617496711993,114.85714285714286
2022-08-17,107,4.303565550391809,17,5,2,0,0.0288461538461537,104.0,97.0,115.0,112.28571428571429,9.928314487939485,114.28571428571429
2022-08-18,121,4.655579443159053,17,19,3,0,0.1308411214953271,107.0,123.0,125.0,112.0,9.591663046625465,114.0
2022-08-19,107,3.373705493817252,20,0,4,0,-0.1157024793388429,121.0,99.0,109.0,113.14285714285714,8.153293228885554,113.85714285714286
2022-08-20,116,3.748768756544692,22,0,5,1,0.0841121495327101,107.0,111.0,115.0,113.85714285714286,8.153293228885554,113.92857142857143
2022-08-21,114,4.140589781134726,23,0,6,1,-0.0172413793103448,116.0,126.0,112.0,112.14285714285714,6.202917900165295,114.07142857142857
2022-08-22,107,3.5371895751128166,23,0,0,0,-0.0614035087719297,114.0,116.0,117.0,110.85714285714286,6.202917900165299,113.35714285714286
2022-08-23,135,4.320843718577325,18,27,1,0,0.2616822429906542,107.0,104.0,139.0,115.28571428571429,10.242302568502957,113.07142857142857
2022-08-24,120,4.6123135436131655,19,6,2,0,-0.1111111111111111,135.0,107.0,97.0,117.14285714285714,9.651054716602609,114.71428571428571
2022-08-25,93,3.708321013886326,16,0,3,0,-0.2249999999999999,120.0,121.0,123.0,113.14285714285714,13.005493344846922,112.57142857142857
2022-08-26,115,4.019295970113516,23,0,4,0,0.2365591397849462,93.0,107.0,99.0,114.28571428571429,12.724180205607052,113.71428571428571
2022-08-27,106,4.727809345040559,22,0,5,1,-0.0782608695652173,115.0,116.0,111.0,112.85714285714286,13.056653111582268,113.35714285714286
2022-08-28,121,4.899635787509499,17,19,6,1,0.1415094339622642,106.0,114.0,126.0,113.85714285714286,13.421730780449202,113.0
2022-08-29,105,4.372900625530201,23,0,0,0,-0.1322314049586777,121.0,107.0,116.0,113.57142857142857,13.611969522655961,112.21428571428571
2022-08-30,111,4.296714586596805,17,9,1,0,0.0571428571428571,105.0,135.0,104.0,110.14285714285714,9.805246409084159,112.71428571428571
2022-08-31,117,3.573131732657544,23,0,2,0,0.0540540540540539,111.0,120.0,107.0,109.71428571428571,9.357960705807075,113.42857142857143
2022-09-01,121,4.1796047002289205,16,25,3,0,0.0341880341880342,117.0,93.0,121.0,113.71428571428571,6.600865744084562,113.42857142857143
2022-09-02,100,4.278410420387499,24,0,4,0,-0.1735537190082644,121.0,115.0,107.0,111.57142857142857,8.323804075404158,112.92857142857143
2022-09-03,108,3.894814920719477,23,0,5,1,0.08,100.0,106.0,116.0,111.85714285714286,8.132825901423054,112.35714285714286
2022-09-04,107,3.702611872722169,22,0,6,1,-0.0092592592592593,108.0,121.0,114.0,109.85714285714286,7.174690967295465,111.85714285714286
2022-09-05,105,3.3593511632615725,23,0,0,0,-0.0186915887850467,107.0,105.0,107.0,109.85714285714286,7.174690967295465,111.71428571428571
2022-09-06,129,3.1311351224743538,19,15,1,0,0.2285714285714286,105.0,111.0,135.0,112.42857142857143,10.228345302102788,111.28571428571429
2022-09-07,115,3.0260582433394188,16,19,2,0,-0.1085271317829457,129.0,117.0,120.0,112.14285714285714,10.106574946185168,110.92857142857143
2022-09-08,99,4.289721286433631,22,0,3,0,-0.1391304347826086,115.0,121.0,93.0,109.0,10.311805532172047,111.35714285714286
2022-09-09,120,4.073849662613388,20,0,4,0,0.2121212121212121,99.0,100.0,115.0,111.85714285714286,10.172324733127185,111.71428571428571
2022-09-10,132,3.758094434229452,22,0,5,1,0.1,120.0,108.0,106.0,115.28571428571429,12.446074156325855,113.57142857142857
2022-09-11,121,3.834271851137681,19,7,6,1,-0.0833333333333333,132.0,107.0,121.0,117.28571428571429,12.009916537515803,113.57142857142857
2022-09-12,96,4.105235270765243,24,0,0,0,-0.2066115702479338,121.0,105.0,105.0,116.0,13.880441875771357,112.92857142857143
2022-09-13,106,3.917718464495703,16,10,1,0,0.1041666666666667,96.0,129.0,111.0,112.71428571428571,12.983506020002034,112.57142857142857
2022-09-14,124,3.3297234099980857,20,4,2,0,0.1698113207547169,106.0,115.0,117.0,114.0,13.674794331177358,113.07142857142857
2022-09-15,104,4.45650011013715,19,0,3,0,-0.1612903225806451,124.0,99.0,121.0,114.71428571428571,12.867456181057271,111.85714285714286
2022-09-16,115,4.1520630853349045,19,1,4,0,0.1057692307692308,104.0,120.0,100.0,114.0,12.662279942148402,112.92857142857143
2022-09-17,118,4.1329492399069245,15,28,5,1,0.0260869565217392,115.0,132.0,108.0,112.0,10.214368964029731,113.64285714285714
2022-09-18,101,4.418781351679186,16,5,6,1,-0.1440677966101694,118.0,121.0,107.0,109.14285714285714,10.073539123674013,113.21428571428571
2022-09-19,110,3.593177321970163,22,0,0,0,0.0891089108910891,101.0,96.0,105.0,111.14285714285714,8.254868693253554,113.57142857142857
2022-09-20,78,4.606865718862921,17,0,1,0,-0.2909090909090909,110.0,106.0,129.0,107.14285714285714,15.104398602488539,109.92857142857143
2022-09-21,100,3.929978574028881,24,0,2,0,0.2820512820512821,78.0,124.0,115.0,103.71428571428571,13.25033692294008,108.85714285714286
2022-09-22,108,4.444299440165437,17,6,3,0,0.08,100.0,104.0,99.0,104.28571428571429,13.350584078537382,109.5
2022-09-23,98,4.367224516743828,22,0,4,0,-0.0925925925925925,108.0,115.0,120.0,101.85714285714286,12.601965077301415,107.92857142857143
2022-09-24,127,3.480599085998722,22,0,5,1,0.2959183673469387,98.0,118.0,132.0,103.14285714285714,14.792211592913496,107.57142857142857
2022-09-25,96,4.251450202457068,16,0,6,1,-0.2440944881889764,127.0,101.0,121.0,102.42857142857143,15.031712508971877,105.78571428571429
2022-09-26,106,4.163137335423342,22,0,0,0,0.1041666666666667,96.0,110.0,96.0,101.85714285714286,14.769660021234674,106.5
2022-09-27,112,4.015155828747171,15,22,1,0,0.0566037735849056,106.0,78.0,106.0,106.71428571428571,10.625665245280523,106.92857142857143
2022-09-28,125,3.952814124982309,20,5,2,0,0.1160714285714286,112.0,100.0,124.0,110.28571428571429,12.092894411103387,107.0
2022-09-29,96,3.957053375141104,22,0,3,0,-0.2319999999999999,125.0,108.0,104.0,108.57142857142857,13.264704329625342,106.42857142857143
2022-09-30,122,4.406344712821998,17,20,4,0,0.2708333333333332,96.0,98.0,115.0,112.0,13.178264933847208,106.92857142857143
2022-10-01,111,4.288955256895755,22,0,5,1,-0.0901639344262295,122.0,127.0,118.0,109.71428571428571,11.41219064150681,106.42857142857143
2022-10-02,101,4.015239425132832,15,11,6,1,-0.09009009009009,111.0,96.0,101.0,110.42857142857143,10.533393610436349,106.42857142857143
2022-10-03,115,3.2540319267643127,23,0,0,0,0.1386138613861385,101.0,106.0,110.0,111.71428571428571,10.451702982676819,106.78571428571429
2022-10-04,113,4.24722170704181,23,0,1,0,-0.017391304347826,115.0,112.0,78.0,111.85714285714286,10.463087043324775,109.28571428571429
2022-10-05,105,4.36180680958889,19,0,2,0,-0.0707964601769911,113.0,125.0,100.0,109.0,8.888194417315612,109.64285714285714
2022-10-06,112,5.150205042723485,24,0,3,0,0.0666666666666666,105.0,96.0,108.0,111.28571428571429,6.799859942535255,109.92857142857143
2022-10-07,107,4.537716531552519,18,0,4,0,-0.044642857142857,112.0,122.0,98.0,109.14285714285714,4.980915960897577,110.57142857142857
2022-10-08,112,3.0504118060422662,20,0,5,1,0.0467289719626167,107.0,111.0,127.0,109.28571428571429,5.056820005836572,109.5
2022-10-09,118,4.039214699509321,21,0,6,1,0.0535714285714286,112.0,101.0,96.0,111.71428571428571,4.4614753058559256,111.07142857142857
2022-10-10,127,4.905687514332491,19,13,0,0,0.0762711864406779,118.0,115.0,106.0,113.42857142857143,7.322502824789341,112.57142857142857
2022-10-11,99,4.311774428450819,24,0,1,0,-0.2204724409448819,127.0,113.0,112.0,111.42857142857143,9.144345117013462,111.64285714285714
2022-10-12,133,4.164326080186605,23,0,2,0,0.3434343434343434,99.0,105.0,125.0,115.42857142857143,11.645559137244026,112.21428571428571
2022-10-13,92,4.450114329457618,17,0,3,0,-0.3082706766917293,133.0,112.0,96.0,112.57142857142857,14.683972474063275,111.92857142857143
2022-10-14,110,3.6888109025045983,21,0,4,0,0.1956521739130434,92.0,107.0,122.0,113.0,14.537308324904359,111.07142857142857
2022-10-15,118,4.239044998313728,24,0,5,1,0.0727272727272727,110.0,112.0,111.0,113.85714285714286,14.645005649578655,111.57142857142857
2022-10-16,115,3.8747659805040446,24,0,6,1,-0.0254237288135593,118.0,118.0,101.0,113.42857142857143,14.54713193791298,112.57142857142857
2022-10-17,106,3.990188257094762,19,0,0,0,-0.0782608695652173,115.0,127.0,115.0,110.42857142857143,13.402203088263063,111.92857142857143
2022-10-18,110,4.414227257847553,21,0,1,0,0.0377358490566037,106.0,99.0,113.0,112.0,12.449899597988743,111.71428571428571
2022-10-19,108,3.5366434487539093,16,12,2,0,-0.0181818181818181,110.0,133.0,105.0,108.42857142857143,8.323804075404148,111.92857142857143
2022-10-20,107,4.643991236900969,18,0,3,0,-0.0092592592592593,108.0,92.0,112.0,110.57142857142857,4.391550328268435,111.57142857142857
2022-10-21,121,3.788594019457229,16,25,4,0,0.1308411214953271,107.0,110.0,107.0,112.14285714285714,5.8716429111613,112.57142857142857
2022-10-22,116,4.130331416575204,21,0,5,1,-0.0413223140495867,121.0,118.0,112.0,111.85714285714286,5.580578567035627,112.85714285714286
2022-10-23,106,3.2997460198625284,16,10,6,1,-0.086206896551724,116.0,115.0,118.0,110.57142857142857,5.769377287516793,112.0
2022-10-24,122,4.359918645435696,15,32,0,0,0.150943396226415,106.0,106.0,127.0,112.85714285714286,6.743603671345956,111.64285714285714
2022-10-25,117,4.7232519679732885,23,0,1,0,-0.040983606557377,122.0,110.0,99.0,113.85714285714286,6.768273325562725,112.92857142857143
2022-10-26,122,3.7426792253909262,15,32,2,0,0.0427350427350428,117.0,108.0,133.0,115.85714285714286,6.817344825970769,112.14285714285714
2022-10-27,120,3.4448883067452,22,0,3,0,-0.0163934426229508,122.0,107.0,92.0,117.71428571428571,5.677860093212498,114.14285714285714
2022-10-28,106,4.138991532371354,16,10,4,0,-0.1166666666666667,120.0,121.0,110.0,115.57142857142857,6.924765768773769,113.85714285714286
2022-10-29,109,4.727405322495871,22,0,5,1,0.0283018867924529,106.0,116.0,118.0,114.57142857142857,7.345228447936869,113.21428571428571
2022-10-30,122,3.275071717259547,17,20,6,1,0.1192660550458715,109.0,106.0,115.0,116.85714285714286,6.693991620066739,113.71428571428571
2022-10-31,121,3.446845909385829,20,1,0,0,-0.0081967213114754,122.0,122.0,106.0,116.71428571428571,6.575568054403753,114.78571428571429
2022-11-01,115,3.772905220844242,17,13,1,0,-0.049586776859504,121.0,117.0,110.0,116.42857142857143,6.604471789556494,115.14285714285714
2022-11-02,116,3.589828087734652,21,0,2,0,0.0086956521739129,115.0,122.0,108.0,115.57142857142857,6.133436852128475,115.71428571428571
2022-11-03,128,3.5914072666955024,24,0,3,0,0.1034482758620689,116.0,120.0,107.0,116.71428571428571,7.653197277702207,117.21428571428571
2022-11-04,110,2.9529396861681114,23,0,4,0,-0.140625,128.0,106.0,121.0,117.28571428571429,6.824326235712094,116.42857142857143
2022-11-05,121,4.294528473702933,16,25,5,1,0.1,110.0,109.0,116.0,119.0,5.830951894845268,116.78571428571429
2022-11-06,114,4.169360251434818,19,0,6,1,-0.0578512396694215,121.0,122.0,106.0,117.85714285714286,5.928141120356104,117.35714285714286
2022-11-07,114,3.150575400098177,20,0,0,0,0.0,114.0,121.0,122.0,116.85714285714286,5.89995964473688,116.78571428571429
2022-11-08,127,4.728597879978123,18,19,1,0,0.1140350877192981,114.0,115.0,117.0,118.57142857142857,6.924765768773742,117.5
2022-11-09,125,4.840546157465244,18,17,2,0,-0.0157480314960629,127.0,116.0,122.0,119.85714285714286,7.19788328673946,117.71428571428571
2022-11-10,125,3.624547225109943,18,17,3,0,0.0,125.0,128.0,120.0,119.42857142857143,6.704653678780169,118.07142857142857
2022-11-11,130,4.583274295488503,16,34,4,0,0.04,125.0,110.0,106.0,122.28571428571429,6.264031867582911,119.78571428571429
2022-11-12,118,3.713501097504527,18,10,5,1,-0.0923076923076923,130.0,121.0,109.0,121.85714285714286,6.46602844175023,120.42857142857143
2022-11-13,125,4.09055825510553,15,35,6,1,0.0593220338983051,118.0,114.0,122.0,123.42857142857143,5.503245795502242,120.64285714285714
2022-11-14,115,3.582118932489545,20,0,0,0,-0.0799999999999999,125.0,114.0,121.0,123.57142857142857,5.223572942509089,120.21428571428571
2022-11-15,122,5.107125761731138,15,32,1,0,0.0608695652173914,115.0,127.0,115.0,122.85714285714286,5.01426536422396,120.71428571428571
2022-11-16,117,3.851991386335051,24,0,2,0,-0.040983606557377,122.0,125.0,116.0,121.71428571428571,5.345224838248403,120.78571428571429
2022-11-17,120,4.063224511411732,20,0,3,0,0.0256410256410255,117.0,125.0,128.0,121.0,5.163977794943147,120.21428571428571
2022-11-18,125,3.6560313062680874,15,35,4,0,0.0416666666666667,120.0,130.0,110.0,120.28571428571429,3.9036002917940475,121.28571428571429
2022-11-19,111,4.930657798618197,20,0,5,1,-0.1119999999999999,125.0,118.0,121.0,119.28571428571429,5.250850271282555,120.57142857142857
2022-11-20,141,4.943307323044705,24,0,6,1,0.2702702702702702,111.0,125.0,114.0,121.57142857142857,9.727232269204158,122.5
2022-11-21,110,4.81546459063147,22,0,0,0,-0.2198581560283687,141.0,115.0,114.0,120.85714285714286,10.447145885018376,122.21428571428571
2022-11-22,108,4.478220174173811,16,12,1,0,-0.0181818181818181,110.0,122.0,127.0,118.85714285714286,11.480832888319709,120.85714285714286
2022-11-23,132,3.6876052265329737,16,36,2,0,0.2222222222222223,108.0,117.0,125.0,121.0,12.436505404118389,121.35714285714286
2022-11-24,129,4.413925047981209,18,21,3,0,-0.0227272727272727,132.0,120.0,125.0,122.28571428571429,12.776466461353632,121.64285714285714
2022-11-25,128,3.996478600537632,17,26,4,0,-0.0077519379844961,129.0,125.0,130.0,122.71428571428571,12.932056883500556,121.5
2022-11-26,128,4.656204310871316,18,20,5,1,0.0,128.0,111.0,118.0,125.14285714285714,11.9223679335464,122.21428571428571
2022-11-27,122,4.557951026682681,21,0,6,1,-0.046875,128.0,141.0,125.0,122.42857142857143,9.65845299650587,122.0
2022-11-28,113,3.6753672109620377,15,23,0,0,-0.0737704918032786,122.0,110.0,115.0,122.85714285714286,9.063269671749593,121.85714285714286
2022-11-29,123,4.473912901418608,20,3,1,0,0.0884955752212388,113.0,108.0,122.0,125.0,6.324555320336626,121.92857142857143
2022-11-30,116,4.341017225021963,17,14,2,0,-0.056910569105691,123.0,132.0,117.0,122.71428571428571,6.264031867582901,121.85714285714286
2022-12-01,133,2.613218568543276,24,0,3,0,0.146551724137931,116.0,129.0,120.0,123.28571428571429,7.064330251677127,122.78571428571429
2022-12-02,122,4.400468319814731,21,0,4,0,-0.0827067669172932,133.0,128.0,125.0,122.42857142857143,6.754187413675059,122.57142857142857
2022-12-03,116,3.7841021056798967,24,0,5,1,-0.0491803278688525,122.0,128.0,111.0,120.71428571428571,6.626066850308812,122.92857142857143
2022-12-04,121,3.5569787728341637,16,25,6,1,0.0431034482758621,116.0,122.0,141.0,120.57142857142857,6.6044717895564595,121.5
2022-12-05,129,3.5783696978531285,16,33,0,0,0.0661157024793388,121.0,113.0,110.0,122.85714285714286,6.309478885733956,122.85714285714286
2022-12-06,119,3.932378552183984,18,11,1,0,-0.0775193798449612,129.0,123.0,108.0,122.28571428571429,6.473388749701416,123.64285714285714
2022-12-07,117,4.240029790043342,15,27,2,0,-0.0168067226890756,119.0,116.0,132.0,122.42857142857143,6.320789582985647,122.57142857142857
2022-12-08,128,3.3172689889039098,17,26,3,0,0.0940170940170941,117.0,133.0,129.0,121.71428571428571,5.08967208224273,122.5
2022-12-09,129,4.0949239181062325,23,0,4,0,0.0078125,128.0,122.0,128.0,122.71428571428571,5.794085654477971,122.57142857142857
2022-12-10,121,4.288379033096536,21,0,5,1,-0.0620155038759689,129.0,116.0,128.0,123.42857142857143,5.094347941825293,122.07142857142857
2022-12-11,122,4.930902891834816,21,0,6,1,0.0082644628099173,121.0,121.0,122.0,123.57142857142857,5.028490259085016,122.07142857142857
2022-12-12,130,3.461654915387435,18,22,0,0,0.0655737704918033,122.0,129.0,113.0,123.71428571428571,5.2190128605028185,123.28571428571429
2022-12-13,113,3.825193906611098,16,17,1,0,-0.1307692307692307,130.0,119.0,123.0,122.85714285714286,6.466028441750206,122.57142857142857
2022-12-14,114,4.13083148634824,18,6,2,0,0.0088495575221239,113.0,117.0,116.0,122.42857142857143,6.996597812678662,122.42857142857143
2022-12-15,121,4.573704665095804,20,1,3,0,0.0614035087719297,114.0,128.0,133.0,121.42857142857143,6.55380660016605,121.57142857142857
2022-12-16,127,3.847888059414093,17,25,4,0,0.0495867768595041,121.0,129.0,122.0,121.14285714285714,6.202917900165185,121.92857142857143
2022-12-17,132,4.599320685995526,15,42,5,1,0.0393700787401574,127.0,121.0,116.0,122.71428571428571,7.432233529571989,123.07142857142857
2022-12-18,144,3.0313188417617702,22,12,6,1,0.0909090909090908,132.0,122.0,121.0,125.85714285714286,10.91525799708167,124.71428571428571
2022-12-19,138,3.373325903439057,19,24,0,0,-0.0416666666666666,144.0,130.0,129.0,127.0,11.803954139750429,125.35714285714286
2022-12-20,129,4.17432217216711,19,15,1,0,-0.0652173913043477,138.0,113.0,119.0,129.28571428571428,10.061714328984538,126.07142857142857
2022-12-21,130,3.2945877509560626,18,22,2,0,0.0077519379844961,129.0,114.0,117.0,131.57142857142858,7.502380574571741,127.0
2022-12-22,121,3.4127647366166416,20,1,3,0,-0.0692307692307692,130.0,121.0,128.0,131.57142857142858,7.502380574571741,126.5
2022-12-23,131,3.7361115678770314,17,29,4,0,0.0826446280991735,121.0,127.0,129.0,132.14285714285714,7.244045173533051,126.64285714285714
2022-12-24,129,4.385719495957912,23,0,5,1,-0.0152671755725191,131.0,132.0,121.0,131.71428571428572,7.341986237031435,127.21428571428571
2022-12-25,135,3.0520175793463555,19,21,6,1,0.0465116279069768,129.0,144.0,122.0,130.42857142857142,5.3496773378443105,128.14285714285714
2022-12-26,124,4.0851491810811975,17,22,0,0,-0.0814814814814814,135.0,138.0,130.0,128.42857142857142,4.613644360558381,127.71428571428571
2022-12-27,138,4.516481973576403,15,48,1,0,0.1129032258064515,124.0,129.0,113.0,129.71428571428572,5.87974732207313,129.5
2022-12-28,149,3.902527395785521,24,5,2,0,0.0797101449275361,138.0,130.0,114.0,132.42857142857142,9.378293072429436,132.0
2022-12-29,133,3.8155848852037297,20,13,3,0,-0.1073825503355704,149.0,121.0,121.0,134.14285714285714,7.9252459778558535,132.85714285714286
2022-12-30,138,4.200885641279287,16,42,4,0,0.037593984962406,133.0,131.0,127.0,135.14285714285714,7.904188160474596,133.64285714285714
2022-12-31,141,3.90394447363928,17,39,5,1,0.0217391304347827,138.0,129.0,132.0,136.85714285714286,7.646972634721948,134.28571428571428
2023-01-01,131,4.6952498906203735,15,41,6,1,-0.0709219858156028,141.0,135.0,144.0,136.28571428571428,7.952238379103787,133.35714285714286
2023-01-02,137,3.4442934939327827,23,0,0,0,0.0458015267175573,131.0,124.0,138.0,138.14285714285714,5.843188953204634,133.28571428571428
2023-01-03,136,3.9741779224174576,22,4,1,0,-0.0072992700729926,137.0,138.0,129.0,137.85714285714286,5.899959644736515,133.78571428571428
2023-01-04,137,4.102843187480342,16,41,2,0,0.0073529411764705,136.0,149.0,130.0,136.14285714285714,3.287784027201285,134.28571428571428
2023-01-05,129,3.8107729740767695,22,0,3,0,-0.0583941605839416,137.0,133.0,121.0,135.57142857142858,4.15760920310105,134.85714285714286
2023-01-06,137,2.5643586685212694,23,0,4,0,0.0620155038759691,129.0,138.0,131.0,135.42857142857142,4.076646614442307,135.28571428571428
2023-01-07,142,3.919547545975404,15,52,5,1,0.0364963503649635,137.0,141.0,129.0,135.57142857142858,4.314979445958451,136.21428571428572
2023-01-08,152,4.450088493456233,19,38,6,1,0.0704225352112675,142.0,131.0,135.0,138.57142857142858,7.044078904941595,137.42857142857142
2023-01-09,148,4.389054593063008,22,16,0,0,-0.0263157894736841,152.0,137.0,124.0,140.14285714285714,7.8193898190876965,139.14285714285714
2023-01-10,160,4.1773892410851,16,64,1,0,0.0810810810810811,148.0,136.0,138.0,143.57142857142858,10.501700542564935,140.71428571428572
2023-01-11,131,3.4510688208253884,18,23,2,0,-0.18125,160.0,137.0,149.0,142.71428571428572,11.338934190276577,139.42857142857142
2023-01-12,148,4.197654731229242,21,22,3,0,0.1297709923664123,131.0,129.0,133.0,145.42857142857142,9.658452996505611,140.5
2023-01-13,141,3.713281089228881,17,39,4,0,-0.0472972972972972,148.0,137.0,138.0,146.0,9.183318209303604,140.71428571428572
2023-01-14,162,4.176741452974333,19,48,5,1,0.148936170212766,141.0,142.0,141.0,148.85714285714286,10.714920616108962,142.21428571428572
2023-01-15,132,4.060752505700858,22,0,6,1,-0.1851851851851852,162.0,152.0,131.0,146.0,12.28820572744426,142.28571428571428
2023-01-16,132,3.511812364358314,24,0,0,0,0.0,132.0,148.0,137.0,143.71428571428572,13.300554947247749,141.92857142857142
2023-01-17,135,3.553772080321548,17,33,1,0,0.0227272727272727,132.0,160.0,136.0,140.14285714285714,11.422617496711792,141.85714285714286
2023-01-18,120,4.177511227210759,18,12,2,0,-0.1111111111111111,135.0,131.0,137.0,138.57142857142858,13.464238347775588,140.64285714285714
2023-01-19,136,3.889443452355749,23,0,3,0,0.1333333333333333,120.0,148.0,129.0,136.85714285714286,12.811824895105849,141.14285714285714
2023-01-20,134,3.579859284671436,21,8,4,0,-0.0147058823529411,136.0,141.0,137.0,135.85714285714286,12.707328219424712,140.92857142857142
2023-01-21,144,3.538584905136584,15,54,5,1,0.0746268656716417,134.0,162.0,142.0,133.28571428571428,7.134757312253846,141.07142857142858
2023-01-22,146,3.848084576006892,18,38,6,1,0.0138888888888888,144.0,132.0,152.0,135.28571428571428,8.538428538364602,140.64285714285714
2023-01-23,162,4.784052397359105,18,54,0,0,0.1095890410958904,146.0,132.0,148.0,139.57142857142858,12.98533971904638,141.64285714285714
2023-01-24,153,3.7369609838940208,23,15,1,0,-0.0555555555555555,162.0,135.0,160.0,142.14285714285714,13.692194509142263,141.14285714285714
2023-01-25,138,3.9929902308712055,20,18,2,0,-0.0980392156862745,153.0,120.0,131.0,144.71428571428572,10.045136231269149,141.64285714285714
2023-01-26,135,4.050822143844755,23,0,3,0,-0.0217391304347825,138.0,136.0,148.0,144.57142857142858,10.19570404397731,140.71428571428572
2023-01-27,149,3.4344868042540284,20,29,4,0,0.1037037037037036,135.0,134.0,141.0,146.71428571428572,9.123491395189065,141.28571428571428
2023-01-28,132,3.1185837580786524,20,12,5,1,-0.1140939597315435,149.0,144.0,162.0,145.0,10.7082522694724,139.14285714285714
2023-01-29,164,3.4866796326321348,19,50,6,1,0.2424242424242424,132.0,146.0,132.0,147.57142857142858,12.921005415693257,141.42857142857142
2023-01-30,157,4.123538688903151,19,43,0,0,-0.0426829268292683,164.0,162.0,132.0,146.85714285714286,12.102734834581158,143.21428571428572
2023-01-31,141,4.043665528957705,16,45,1,0,-0.1019108280254776,157.0,153.0,135.0,145.14285714285714,11.936339073442264,143.64285714285714
2023-02-01,129,4.351203284575533,22,0,2,0,-0.0851063829787234,141.0,138.0,120.0,143.85714285714286,13.246742636444056,144.28571428571428
2023-02-02,160,4.048374947479558,22,28,3,0,0.2403100775193798,129.0,135.0,136.0,147.42857142857142,13.81855205701287,146.0
2023-02-03,146,3.945225354265398,15,56,4,0,-0.0875,160.0,149.0,134.0,147.0,13.808210118138424,146.85714285714286
2023-02-04,160,3.697993862537437,22,28,5,1,0.095890410958904,146.0,132.0,144.0,151.0,12.754084313139062,148.0
2023-02-05,132,4.442303394931346,19,18,6,1,-0.175,160.0,164.0,146.0,146.42857142857142,13.049356853336032,147.0
2023-02-06,142,3.5404099306396417,16,46,0,0,0.0757575757575756,132.0,157.0,162.0,144.28571428571428,12.229939843328035,145.57142857142858
2023-02-07,148,3.44480024135199,16,52,1,0,0.0422535211267605,142.0,141.0,153.0,145.28571428571428,12.202653887771945,145.21428571428572
2023-02-08,149,4.283527758694052,20,29,2,0,0.0067567567567567,148.0,129.0,138.0,148.14285714285714,9.873003113348238,146.0
2023-02-09,144,3.3334213446731726,23,6,3,0,-0.0335570469798657,149.0,160.0,135.0,145.85714285714286,8.414839499926167,146.64285714285714
2023-02-10,155,5.207395499329316,15,65,4,0,0.0763888888888888,144.0,146.0,149.0,147.14285714285714,9.099973835650161,147.07142857142858
2023-02-11,139,4.039996690279572,20,19,5,1,-0.1032258064516129,155.0,160.0,132.0,144.14285714285714,7.47057720725232,147.57142857142858
2023-02-12,148,4.173953058162443,23,10,6,1,0.0647482014388489,139.0,132.0,164.0,146.42857142857142,5.25538272812184,146.42857142857142
2023-02-13,151,3.5957900877383064,22,19,0,0,0.0202702702702701,148.0,142.0,157.0,147.71428571428572,5.089672082242179,146.0
2023-02-14,155,3.842367577879227,20,35,1,0,0.0264900662251654,151.0,148.0,141.0,148.71428571428572,5.7940856544775,147.0
2023-02-15,158,3.786621441558823,17,56,2,0,0.0193548387096773,155.0,149.0,129.0,150.0,6.782329983124767,149.07142857142858
2023-02-16,140,3.729082506165679,22,8,3,0,-0.1139240506329114,158.0,144.0,160.0,149.42857142857142,7.502380574571483,147.64285714285714
2023-02-17,136,4.316480875754913,23,0,4,0,-0.0285714285714285,140.0,155.0,146.0,146.71428571428572,8.518886580499947,146.92857142857142
2023-02-18,164,3.77521198088736,15,74,5,1,0.2058823529411764,136.0,139.0,160.0,150.28571428571428,9.87782509317824,147.21428571428572
2023-02-19,155,4.508750614542091,23,17,6,1,-0.0548780487804878,164.0,148.0,132.0,151.28571428571428,9.96183192179472,148.85714285714286
2023-02-20,144,5.331591175059912,20,24,0,0,-0.0709677419354838,155.0,151.0,142.0,150.28571428571428,10.339475900874042,149.0
2023-02-21,168,3.8522293799267255,20,48,1,0,0.1666666666666667,144.0,155.0,148.0,152.14285714285714,12.307566391297,150.42857142857142
2023-02-22,154,4.076157756788312,18,46,2,0,-0.0833333333333333,168.0,158.0,149.0,151.57142857142858,12.0810753226844,150.78571428571428
2023-02-23,165,4.189741028582754,15,75,3,0,0.0714285714285714,154.0,140.0,144.0,155.14285714285714,11.781745363464456,152.28571428571428
2023-02-24,154,4.905752406296759,24,10,4,0,-0.0666666666666666,165.0,136.0,155.0,157.71428571428572,8.380817098474777,152.21428571428572
2023-02-25,174,3.9586761074809056,22,42,5,1,0.1298701298701299,154.0,164.0,139.0,159.14285714285714,10.270160197201509,154.71428571428572
2023-02-26,171,3.5854915401708185,16,75,6,1,-0.0172413793103448,174.0,155.0,148.0,161.42857142857142,10.952277432222589,156.35714285714286
2023-02-27,151,3.366829747187148,15,61,0,0,-0.1169590643274853,171.0,144.0,151.0,162.42857142857142,9.289010404004582,156.35714285714286
2023-02-28,164,3.971008026283883,16,68,1,0,0.086092715231788,151.0,168.0,155.0,161.85714285714286,9.007933011676336,157.0
2023-03-01,161,3.775809890473059,15,71,2,0,-0.0182926829268292,164.0,154.0,158.0,162.85714285714286,8.355209381548427,157.21428571428572
2023-03-02,168,5.0050046446500005,15,78,3,0,0.0434782608695651,161.0,165.0,140.0,163.28571428571428,8.557925872434641,159.21428571428572
2023-03-03,145,4.884931210338483,23,7,4,0,-0.1369047619047618,168.0,154.0,136.0,162.0,10.614455552060022,159.85714285714286
2023-03-04,162,3.482813586038201,15,72,5,1,0.1172413793103448,145.0,174.0,164.0,160.28571428571428,9.23244795479978,159.71428571428572
2023-03-05,166,3.6446199482254102,18,58,6,1,0.0246913580246914,162.0,171.0,155.0,159.57142857142858,8.423323628614327,160.5
2023-03-06,138,4.036885053943443,24,0,0,0,-0.1686746987951807,166.0,151.0,144.0,157.71428571428572,11.499482390007252,160.07142857142858
2023-03-07,144,4.6986132112793815,20,24,1,0,0.0434782608695651,138.0,164.0,168.0,154.85714285714286,12.14397753934774,158.35714285714286
2023-03-08,135,4.028506568185525,21,9,2,0,-0.0625,144.0,161.0,154.0,151.14285714285714,13.813382055438703,157.0
2023-03-09,153,3.676379681005977,16,57,3,0,0.1333333333333333,135.0,168.0,165.0,149.0,11.77568115510347,156.14285714285714
2023-03-10,163,3.9705590950486376,20,43,4,0,0.065359477124183,153.0,145.0,154.0,151.57142857142858,12.686700948330623,156.78571428571428
2023-03-11,171,3.6857575680519767,21,45,5,1,0.0490797546012269,163.0,162.0,174.0,152.85714285714286,14.27618729946886,156.57142857142858
2023-03-12,157,4.301238604719741,24,13,6,1,-0.0818713450292397,171.0,166.0,171.0,151.57142857142858,13.264704329625037,155.57142857142858
2023-03-13,173,3.645483144167648,24,29,0,0,0.1019108280254776,157.0,138.0,151.0,156.57142857142858,13.878726440817246,157.14285714285714
2023-03-14,143,3.744781973786517,16,47,1,0,-0.1734104046242774,173.0,144.0,164.0,156.42857142857142,14.033972386761103,155.64285714285714
2023-03-15,140,4.580966906728048,16,44,2,0,-0.0209790209790209,143.0,135.0,161.0,157.14285714285714,12.837816162008084,154.14285714285714
2023-03-16,156,3.615817526342964,24,12,3,0,0.1142857142857143,140.0,153.0,168.0,157.57142857142858,12.726051271009915,153.28571428571428
2023-03-17,161,3.276935983719919,21,35,4,0,0.0320512820512821,156.0,163.0,145.0,157.28571428571428,12.605743211122226,154.42857142857142
2023-03-18,157,4.047496875678152,15,67,5,1,-0.0248447204968944,161.0,171.0,162.0,155.28571428571428,11.086242010020992,154.07142857142858
2023-03-19,136,3.819763297897702,22,4,6,1,-0.1337579617834394,157.0,157.0,166.0,152.28571428571428,13.187295473475775,151.92857142857142
2023-03-20,156,4.2557077504649765,17,54,0,0,0.1470588235294117,136.0,173.0,138.0,149.85714285714286,9.889869756954175,153.21428571428572
2023-03-21,144,4.158735967365545,20,24,1,0,-0.0769230769230768,156.0,143.0,144.0,150.0,9.78093383408045,153.21428571428572
2023-03-22,164,3.984040752678319,23,26,2,0,0.1388888888888888,144.0,140.0,135.0,153.42857142857142,9.897089519266432,155.28571428571428
2023-03-23,161,3.969478287265002,20,41,3,0,-0.0182926829268292,164.0,156.0,153.0,154.14285714285714,10.286375640113294,155.85714285714286
2023-03-24,148,3.6320707753385824,23,10,4,0,-0.0807453416149068,161.0,161.0,163.0,152.28571428571428,10.011897684159978,154.78571428571428
2023-03-25,153,4.041673535496622,21,27,5,1,0.0337837837837837,148.0,157.0,171.0,151.71428571428572,9.810101693565057,153.5
2023-03-26,147,4.440642390716384,23,9,6,1,-0.0392156862745097,153.0,136.0,157.0,153.28571428571428,7.4769487028302155,152.78571428571428
2023-03-27,157,3.513276629300262,16,61,0,0,0.0680272108843538,147.0,156.0,173.0,153.42857142857142,7.546680127869041,151.64285714285714
2023-03-28,168,3.997301311819233,22,36,1,0,0.0700636942675159,157.0,144.0,143.0,156.85714285714286,7.988086367179309,153.42857142857142
2023-03-29,148,4.519194377867306,22,16,2,0,-0.119047619047619,168.0,164.0,140.0,154.57142857142858,7.892129895389885,154.0
2023-03-30,163,4.25271204660835,16,67,3,0,0.1013513513513513,148.0,161.0,156.0,154.85714285714286,8.194074514113817,154.5
2023-03-31,153,4.654736448175356,18,45,4,0,-0.0613496932515337,163.0,148.0,161.0,155.57142857142858,7.6997217018348545,153.92857142857142
2023-04-01,150,3.715928835082833,21,24,5,1,-0.0196078431372549,153.0,153.0,157.0,155.14285714285714,7.946247991527167,153.42857142857142
2023-04-02,157,3.084615775802567,18,49,6,1,0.0466666666666666,150.0,147.0,136.0,156.57142857142858,7.091242083422799,154.92857142857142
2023-04-03,148,4.100325901977843,18,40,0,0,-0.0573248407643312,157.0,157.0,156.0,155.28571428571428,7.782764841071645,154.35714285714286
2023-04-04,153,4.181285407513243,20,33,1,0,0.0337837837837837,148.0,168.0,144.0,153.14285714285714,5.398412465053938,155.0
2023-04-05,146,4.684210977236337,24,2,2,0,-0.045751633986928,153.0,148.0,164.0,152.85714285714286,5.756983337030756,153.71428571428572
2023-04-06,178,4.594072867353492,20,58,3,0,0.2191780821917808,146.0,163.0,161.0,155.0,10.770329614268652,154.92857142857142
2023-04-07,159,4.26837181150623,24,15,4,0,-0.1067415730337079,178.0,153.0,148.0,155.85714285714286,10.82325538564296,155.71428571428572
2023-04-08,151,4.382695107085217,17,49,5,1,-0.050314465408805,159.0,150.0,153.0,156.0,10.739335795724312,155.57142857142858
2023-04-09,161,3.904089270896681,23,23,6,1,0.0662251655629138,151.0,157.0,147.0,156.57142857142858,10.906529280773654,156.57142857142858
2023-04-10,157,3.390442694340392,24,13,0,0,-0.0248447204968944,161.0,148.0,157.0,157.85714285714286,10.237652260626735,156.57142857142858
2023-04-11,156,4.058860608690456,16,60,1,0,-0.0063694267515923,157.0,153.0,168.0,158.28571428571428,10.061714328984255,155.71428571428572
2023-04-12,164,4.491286731813888,20,44,2,0,0.0512820512820513,156.0,146.0,148.0,160.85714285714286,8.591246929841743,156.85714285714286
2023-04-13,166,4.328180434914274,21,40,3,0,0.0121951219512195,164.0,178.0,163.0,159.14285714285714,5.080307452262661,157.07142857142858
2023-04-14,153,4.416903669579682,23,15,4,0,-0.0783132530120481,166.0,159.0,153.0,158.28571428571428,5.589105048045453,157.07142857142858
2023-04-15,152,3.786122156476624,17,50,5,1,-0.0065359477124182,153.0,151.0,150.0,158.42857142857142,5.380741673075641,157.21428571428572
2023-04-16,155,3.867226580990788,24,11,6,1,0.019736842105263,152.0,161.0,157.0,157.57142857142858,5.380741673075659,157.07142857142858
2023-04-17,135,4.241712744057302,17,33,0,0,-0.1290322580645161,155.0,157.0,148.0,154.42857142857142,10.113640011672706,156.14285714285714
2023-04-18,143,3.726746302745623,21,17,1,0,0.0592592592592593,135.0,156.0,153.0,152.57142857142858,10.93704931044205,155.42857142857142
2023-04-19,172,3.742141465033499,18,64,2,0,0.2027972027972027,143.0,164.0,146.0,153.71428571428572,12.618957771467825,157.28571428571428
2023-04-20,174,4.148991118188726,22,42,3,0,0.0116279069767442,172.0,166.0,178.0,154.85714285714286,14.182484166846436,157.0
2023-04-21,155,4.380452371578454,21,29,4,0,-0.1091954022988506,174.0,153.0,159.0,155.14285714285714,14.158961490031079,156.71428571428572
2023-04-22,164,3.900235663335296,19,50,5,1,0.0580645161290322,155.0,152.0,151.0,156.85714285714286,14.43870459827275,157.64285714285714
2023-04-23,161,3.418405269473181,21,35,6,1,-0.0182926829268292,164.0,155.0,161.0,157.71428571428572,14.488090347066235,157.64285714285714
2023-04-24,188,3.632098042478585,17,86,0,0,0.1677018633540372,161.0,135.0,157.0,165.28571428571428,14.488090347066159,159.85714285714286
2023-04-25,169,4.101836042446549,16,73,1,0,-0.101063829787234,188.0,143.0,156.0,169.0,10.645812948447,160.78571428571428
2023-04-26,156,4.095760481932983,20,36,2,0,-0.0769230769230768,169.0,172.0,164.0,166.71428571428572,11.571722512433109,160.21428571428572
2023-04-27,148,4.120619068827674,16,52,3,0,-0.0512820512820513,156.0,174.0,166.0,163.0,12.935738607954471,158.92857142857142
2023-04-28,141,4.260647645297878,17,39,4,0,-0.0472972972972972,148.0,155.0,153.0,161.0,15.253414918196446,158.07142857142858
2023-04-29,159,4.002905279271225,20,39,5,1,0.127659574468085,141.0,164.0,152.0,160.28571428571428,15.206514894547228,158.57142857142858
2023-04-30,149,4.132528022420156,19,35,6,1,-0.0628930817610062,159.0,161.0,155.0,158.57142857142858,15.778224898649812,158.14285714285714
2023-05-01,143,3.977486588585567,22,11,0,0,-0.0402684563758389,149.0,188.0,135.0,152.14285714285714,9.83918308649237,158.71428571428572
2023-05-02,150,4.574366741464719,23,12,1,0,0.0489510489510489,143.0,169.0,143.0,149.42857142857142,6.451282633635114,159.21428571428572
2023-05-03,146,4.716171015608751,17,44,2,0,-0.0266666666666666,150.0,156.0,172.0,148.0,5.8309518948448495,157.35714285714286
2023-05-04,173,3.405494358809982,24,29,3,0,0.1849315068493151,146.0,148.0,174.0,151.57142857142858,11.103410029612885,157.28571428571428
2023-05-05,165,3.872374028948873,17,63,4,0,-0.0462427745664739,173.0,141.0,155.0,155.0,10.999999999999666,158.0
2023-05-06,156,4.016362245770353,17,54,5,1,-0.0545454545454545,165.0,159.0,164.0,154.57142857142858,10.875923606099258,157.42857142857142
2023-05-07,171,3.86654264399284,20,51,6,1,0.0961538461538462,156.0,149.0,161.0,157.71428571428572,12.106668764421553,158.14285714285714
2023-05-08,157,4.8964612956654365,15,67,0,0,-0.0818713450292397,171.0,143.0,188.0,159.71428571428572,10.29100393084918,155.92857142857142
2023-05-09,147,4.111977639044867,21,21,1,0,-0.0636942675159235,157.0,150.0,169.0,159.28571428571428,10.812250547631304,154.35714285714286
2023-05-10,171,3.597314086474828,15,81,2,0,0.1632653061224489,147.0,146.0,156.0,162.85714285714286,9.771191865692783,155.42857142857142
2023-05-11,161,4.298221169780335,19,47,3,0,-0.0584795321637426,171.0,173.0,148.0,161.14285714285714,8.687703406319843,156.35714285714286
2023-05-12,145,4.135487269423097,24,1,4,0,-0.0993788819875776,161.0,165.0,141.0,158.28571428571428,10.339475900873976,156.64285714285714
2023-05-13,153,4.152096459776711,22,21,5,1,0.0551724137931035,145.0,156.0,159.0,157.85714285714286,10.51076545624449,156.21428571428572
2023-05-14,146,4.903938079399596,18,38,6,1,-0.045751633986928,153.0,171.0,149.0,154.28571428571428,9.499373412919843,156.0
2023-05-15,141,4.175392587877405,19,27,0,0,-0.0342465753424657,146.0,157.0,143.0,152.0,10.598742063722806,155.85714285714286
2023-05-16,164,3.848169238063002,18,56,1,0,0.1631205673758864,141.0,147.0,150.0,154.42857142857142,11.19311012568479,156.85714285714286
2023-05-17,173,3.0223617868449493,18,65,2,0,0.0548780487804878,164.0,171.0,146.0,154.71428571428572,11.700630833624093,158.78571428571428
2023-05-18,140,3.917300490928244,22,8,3,0,-0.1907514450867051,173.0,161.0,173.0,151.71428571428572,12.486182839633413,156.42857142857142
2023-05-19,159,4.652984958663595,16,63,4,0,0.1357142857142856,140.0,145.0,165.0,153.71428571428572,12.351980754981037,156.0
2023-05-20,147,3.9544154402219065,15,57,5,1,-0.0754716981132075,159.0,153.0,156.0,152.85714285714286,12.615183595289082,155.35714285714286
2023-05-21,149,2.8799750507402484,17,47,6,1,0.0136054421768707,147.0,146.0,171.0,153.28571428571428,12.392393980640788,153.78571428571428
2023-05-22,147,3.7508188039037766,23,9,0,0,-0.0134228187919462,149.0,141.0,157.0,154.14285714285714,11.582005747833593,153.07142857142858
2023-05-23,144,4.496344269456396,18,36,1,0,-0.0204081632653061,147.0,164.0,147.0,151.28571428571428,11.205865810878816,152.85714285714286
2023-05-24,153,4.272908587281008,24,9,2,0,0.0625,144.0,173.0,171.0,148.42857142857142,6.160550377391296,151.57142857142858
2023-05-25,144,3.580059551744632,19,30,3,0,-0.0588235294117647,153.0,140.0,161.0,149.0,5.385164807134033,150.35714285714286
2023-05-26,155,3.717357611800459,16,59,4,0,0.0763888888888888,144.0,159.0,145.0,148.42857142857142,4.237025012007373,151.07142857142858
2023-05-27,152,3.794645670448792,18,44,5,1,-0.0193548387096774,155.0,147.0,153.0,149.14285714285714,4.37525509460329,151.0
2023-05-28,149,3.668643114068535,16,53,6,1,-0.0197368421052631,152.0,149.0,146.0,149.14285714285714,4.37525509460329,151.21428571428572
2023-05-29,142,2.985163066130209,16,46,0,0,-0.0469798657718121,149.0,147.0,141.0,148.42857142857142,5.126959555692774,151.28571428571428
2023-05-30,145,4.381795550309928,18,37,1,0,0.0211267605633802,142.0,144.0,164.0,148.57142857142858,4.995235825501741,149.92857142857142
2023-05-31,159,4.628529978344546,20,39,2,0,0.096551724137931,145.0,153.0,173.0,149.42857142857142,6.241184258806636,148.92857142857142
2023-06-01,156,3.24077552801763,21,30,3,0,-0.0188679245283018,159.0,144.0,140.0,151.14285714285714,6.148944934663016,150.07142857142858
2023-06-02,141,4.621926466293157,24,0,4,0,-0.0961538461538461,156.0,155.0,159.0,149.14285714285714,6.914443130832645,148.78571428571428
2023-06-03,151,3.948488399301392,17,49,5,1,0.0709219858156029,141.0,152.0,147.0,149.0,6.855654600400679,149.07142857142858
2023-06-04,157,4.612566174083938,17,55,6,1,0.0397350993377483,151.0,149.0,149.0,150.14285714285714,7.492853738252982,149.64285714285714
2023-06-05,133,4.018975218145223,24,0,0,0,-0.1528662420382165,157.0,142.0,147.0,148.85714285714286,9.59910710133251,148.64285714285714
2023-06-06,155,4.067772296079315,20,35,1,0,0.1654135338345865,133.0,145.0,144.0,150.28571428571428,9.673232581274116,149.42857142857142
2023-06-07,143,4.186217323491106,17,41,2,0,-0.0774193548387096,155.0,159.0,153.0,148.0,9.146948489341241,148.71428571428572
2023-06-08,155,3.604966837432361,16,59,3,0,0.0839160839160839,143.0,156.0,144.0,147.85714285714286,9.00793301167657,149.5
2023-06-09,141,4.597337072164011,22,9,4,0,-0.0903225806451613,155.0,141.0,155.0,147.85714285714286,9.00793301167657,148.5
2023-06-10,130,3.439309680962608,19,16,5,1,-0.0780141843971631,141.0,151.0,152.0,144.85714285714286,11.051825964194947,146.92857142857142
2023-06-11,132,3.798966627741665,15,42,6,1,0.0153846153846153,130.0,157.0,149.0,141.28571428571428,10.499433091271783,145.71428571428572
2023-06-12,148,4.262132338821584,17,46,0,0,0.1212121212121211,132.0,133.0,142.0,143.42857142857142,10.047506205640175,146.14285714285714
2023-06-13,150,3.745402379757268,24,6,1,0,0.0135135135135135,148.0,155.0,145.0,142.71428571428572,9.232447954800092,146.5
2023-06-14,138,4.388765620407472,22,6,2,0,-0.0799999999999999,150.0,143.0,159.0,142.0,9.398581453247653,145.0
2023-06-15,153,4.687933086591978,18,45,3,0,0.108695652173913,138.0,155.0,156.0,141.71428571428572,8.957571949925537,144.78571428571428
2023-06-16,130,4.506273000526918,21,4,4,0,-0.1503267973856209,153.0,141.0,141.0,140.14285714285714,10.007140307942889,144.0
2023-06-17,146,3.031942343160689,24,2,5,1,0.123076923076923,130.0,130.0,151.0,142.42857142857142,9.089502055615855,143.64285714285714
2023-06-18,134,4.062923484809678,16,38,6,1,-0.0821917808219178,146.0,132.0,157.0,142.71428571428572,8.7314429069938,142.0
2023-06-19,139,4.514341305348196,21,13,0,0,0.0373134328358208,134.0,148.0,133.0,141.42857142857142,8.482474930842919,142.42857142857142
2023-06-20,146,3.341625576588972,19,32,1,0,0.0503597122302157,139.0,150.0,155.0,140.85714285714286,7.925245977855935,141.78571428571428
2023-06-21,137,4.361805293614437,19,23,2,0,-0.0616438356164383,146.0,138.0,143.0,140.71428571428572,7.99404540297088,141.35714285714286
2023-06-22,141,4.333730390819656,20,21,3,0,0.0291970802919707,137.0,153.0,155.0,139.0,5.944184833375568,140.35714285714286
2023-06-23,155,3.3939550540308674,23,17,4,0,0.0992907801418438,141.0,130.0,141.0,142.57142857142858,7.044078904941711,141.35714285714286
2023-06-24,138,4.417116332870081,20,18,5,1,-0.1096774193548386,155.0,146.0,130.0,141.42857142857142,7.044078904941747,141.92857142857142
2023-06-25,152,4.136348896764967,22,20,6,1,0.1014492753623188,138.0,134.0,132.0,144.0,7.164728420067986,143.35714285714286
2023-06-26,132,4.3251908943606345,21,6,0,0,-0.131578947368421,152.0,139.0,148.0,143.0,8.366600265340578,142.21428571428572
2023-06-27,149,3.516843807117434,23,11,1,0,0.1287878787878789,132.0,146.0,150.0,143.42857142857142,8.618916073713162,142.14285714285714
2023-06-28,157,4.075068058185693,18,49,2,0,0.0536912751677851,149.0,137.0,138.0,146.28571428571428,9.411239481142966,143.5
2023-06-29,118,3.147560722933838,16,22,3,0,-0.2484076433121018,157.0,141.0,153.0,143.0,14.306175822583185,141.0
2023-06-30,134,2.8615043962334745,21,8,4,0,0.1355932203389831,118.0,155.0,130.0,140.0,13.552367566837356,141.28571428571428
2023-07-01,148,4.0704142132638745,20,28,5,1,0.1044776119402985,134.0,138.0,146.0,141.42857142857142,13.830607878387413,141.42857142857142
2023-07-02,140,4.550298803380655,15,50,6,1,-0.054054054054054,148.0,152.0,134.0,139.71428571428572,13.02195947511077,141.85714285714286
2023-07-03,145,4.12646840713254,23,7,0,0,0.0357142857142858,140.0,132.0,139.0,141.57142857142858,12.660399452059638,142.28571428571428
2023-07-04,135,3.968276968027927,23,0,1,0,-0.0689655172413793,145.0,149.0,146.0,139.57142857142858,12.394315133118335,141.5
2023-07-05,142,3.906232939972564,16,46,2,0,0.0518518518518518,135.0,157.0,137.0,137.42857142857142,9.930712341974623,141.85714285714286
2023-07-06,139,3.528717304278467,17,37,3,0,-0.0211267605633802,142.0,118.0,141.0,140.42857142857142,5.061526214398754,141.71428571428572
2023-07-07,152,3.8890695481023463,19,38,4,0,0.0935251798561151,139.0,134.0,155.0,143.0,5.773502691895997,141.5
2023-07-08,143,4.210842234132223,19,29,5,1,-0.0592105263157894,152.0,148.0,138.0,142.28571428571428,5.345224838248238,141.85714285714286
2023-07-09,143,3.782388883599686,15,53,6,1,0.0,143.0,140.0,152.0,142.71428571428572,5.250850271282327,141.21428571428572
2023-07-10,135,4.375293426917889,22,3,0,0,-0.0559440559440559,143.0,145.0,132.0,141.28571428571428,5.851332774513258,141.42857142857142
2023-07-11,134,4.097987516932301,22,2,1,0,-0.0074074074074074,135.0,135.0,149.0,141.14285714285714,6.039552175135859,140.35714285714286
2023-07-12,135,4.158489708886703,18,27,2,0,0.007462686567164,134.0,142.0,157.0,140.14285714285714,6.440201120787198,138.78571428571428
2023-07-13,142,4.44433137677548,21,16,3,0,0.0518518518518518,135.0,139.0,118.0,140.57142857142858,6.451282633635396,140.5
2023-07-14,134,3.7366222836725047,24,0,4,0,-0.0563380281690141,142.0,152.0,134.0,138.0,4.396968652757543,140.5
2023-07-15,141,4.329690293093476,17,39,5,1,0.0522388059701492,134.0,143.0,148.0,137.71428571428572,4.070801956792772,140.0
2023-07-16,158,3.806761641374013,20,38,6,1,0.1205673758865248,141.0,143.0,140.0,139.85714285714286,8.668497975015939,141.28571428571428
2023-07-17,146,4.16975724190942,24,2,0,0,-0.0759493670886075,158.0,135.0,145.0,141.42857142857142,8.638231741452943,141.35714285714286
2023-07-18,134,3.677114324681716,24,0,1,0,-0.0821917808219178,146.0,134.0,135.0,141.42857142857142,8.638231741452943,141.28571428571428
2023-07-19,149,3.5446480884676337,23,11,2,0,0.1119402985074626,134.0,135.0,142.0,143.42857142857142,8.521681032463261,141.78571428571428
2023-07-20,132,4.045932372824247,15,42,3,0,-0.1140939597315435,149.0,142.0,139.0,142.0,9.574271077563234,141.28571428571428
2023-07-21,116,3.0573999739894413,19,2,4,0,-0.1212121212121212,132.0,134.0,152.0,139.42857142857142,13.636435786244858,138.71428571428572
2023-07-22,126,3.8518662782455593,18,18,5,1,0.0862068965517242,116.0,141.0,143.0,137.28571428571428,14.499589485157665,137.5
2023-07-23,117,3.1968114971954096,22,0,6,1,-0.0714285714285714,126.0,158.0,143.0,131.42857142857142,12.933897876731393,135.64285714285714
2023-07-24,132,4.389617017156804,15,42,0,0,0.1282051282051282,117.0,146.0,135.0,129.42857142857142,11.282097069504315,135.42857142857142
2023-07-25,135,4.525055298054458,23,0,1,0,0.0227272727272727,132.0,134.0,134.0,129.57142857142858,11.355720186425186,135.5
2023-07-26,152,3.568024389289597,20,32,2,0,0.125925925925926,135.0,149.0,135.0,130.0,12.233832869001843,136.71428571428572
2023-07-27,138,4.214156481236748,18,30,3,0,-0.0921052631578946,152.0,132.0,142.0,130.85714285714286,12.601965077301498,136.42857142857142
2023-07-28,132,4.449567856843746,23,0,4,0,-0.0434782608695651,138.0,116.0,134.0,133.14285714285714,10.77695955002424,136.28571428571428
2023-07-29,142,4.451234611250892,19,28,5,1,0.0757575757575756,132.0,126.0,141.0,135.42857142857142,10.706028564273867,136.35714285714286
2023-07-30,112,4.107225416985821,19,0,6,1,-0.2112676056338028,142.0,117.0,158.0,134.71428571428572,12.202653887772222,133.07142857142858
2023-07-31,136,4.367152337780748,19,22,0,0,0.2142857142857142,112.0,132.0,146.0,135.28571428571428,12.14789811331281,132.35714285714286
2023-08-01,141,3.6753343440398023,15,51,1,0,0.036764705882353,136.0,135.0,134.0,136.14285714285714,12.334620267477108,132.85714285714286
2023-08-02,118,4.04156123282834,15,28,2,0,-0.1631205673758865,141.0,152.0,149.0,131.28571428571428,11.729084728632111,130.64285714285714
2023-08-03,144,3.766448296604612,22,12,3,0,0.2203389830508475,118.0,138.0,132.0,132.14285714285714,12.495713550768485,131.5
2023-08-04,136,3.633106013107318,22,4,4,0,-0.0555555555555555,144.0,132.0,116.0,132.71428571428572,12.579272444704301,132.92857142857142
2023-08-05,128,4.018031695734813,20,8,5,1,-0.0588235294117647,136.0,142.0,126.0,130.71428571428572,11.95427797504996,133.07142857142858
2023-08-06,138,4.173765188079037,18,30,6,1,0.078125,128.0,112.0,117.0,134.42857142857142,8.7912293955803,134.57142857142858
2023-08-07,154,4.5817543839774935,16,58,0,0,0.1159420289855073,138.0,136.0,132.0,137.0,11.53256259467078,136.14285714285714
2023-08-08,133,4.132577763649444,16,37,1,0,-0.1363636363636363,154.0,141.0,135.0,135.85714285714286,11.466306749611693,136.0
2023-08-09,134,4.320965267480776,23,0,2,0,0.0075187969924812,133.0,118.0,152.0,138.14285714285714,8.53284968867511,134.71428571428572
2023-08-10,126,4.326641586624769,19,12,3,0,-0.0597014925373133,134.0,144.0,138.0,135.57142857142858,9.162553189607205,133.85714285714286
2023-08-11,122,5.34376718284848,18,14,4,0,-0.0317460317460317,126.0,136.0,132.0,133.57142857142858,10.485818086939238,133.14285714285714
2023-08-12,139,3.0949837983637103,24,0,5,1,0.139344262295082,122.0,128.0,142.0,135.14285714285714,10.334869317486516,132.92857142857142
2023-08-13,122,3.656033066581411,15,32,6,1,-0.1223021582733813,139.0,138.0,112.0,132.85714285714286,11.320020191804364,133.64285714285714
2023-08-14,131,4.73702802624404,21,5,0,0,0.0737704918032786,122.0,154.0,136.0,129.57142857142858,6.45128263363576,133.28571428571428
2023-08-15,125,3.823993462573263,17,23,1,0,-0.0458015267175572,131.0,133.0,141.0,128.42857142857142,6.451282633635799,132.14285714285714
2023-08-16,135,4.44290156880086,20,15,2,0,0.08,125.0,134.0,118.0,128.57142857142858,6.604471789556739,133.35714285714286
2023-08-17,133,4.115004761881418,19,19,3,0,-0.0148148148148148,135.0,126.0,144.0,129.57142857142858,6.679749068569144,132.57142857142858
2023-08-18,140,5.0526012006040055,19,26,4,0,0.0526315789473683,133.0,122.0,136.0,132.14285714285714,6.743603671346067,132.85714285714286
2023-08-19,124,3.443472786468144,19,10,5,1,-0.1142857142857143,140.0,139.0,128.0,130.0,6.582805886044024,132.57142857142858
2023-08-20,126,4.610900276259407,15,36,6,1,0.0161290322580645,124.0,122.0,138.0,130.57142857142858,5.912053869205121,131.71428571428572
2023-08-21,119,4.87479065263625,15,29,0,0,-0.0555555555555555,126.0,131.0,154.0,128.85714285714286,7.335497516155731,129.21428571428572
2023-08-22,124,3.492790561416,17,22,1,0,0.0420168067226891,119.0,125.0,133.0,128.71428571428572,7.432233529572278,128.57142857142858
2023-08-23,132,4.391435121790673,24,0,2,0,0.064516129032258,124.0,135.0,134.0,128.28571428571428,7.087883692478215,128.42857142857142
2023-08-24,136,3.517251007085472,18,28,3,0,0.0303030303030302,132.0,133.0,126.0,128.71428571428572,7.499206307210011,129.14285714285714
2023-08-25,119,4.015080786267562,19,5,4,0,-0.125,136.0,140.0,122.0,125.71428571428571,6.343350474165829,128.92857142857142
2023-08-26,137,3.871706034908913,16,41,5,1,0.1512605042016805,119.0,124.0,139.0,127.57142857142857,7.546680127869781,128.78571428571428
2023-08-27,141,2.7986230325501564,22,9,6,1,0.0291970802919707,137.0,126.0,122.0,129.71428571428572,9.013217807092975,130.14285714285714
2023-08-28,132,4.212117129855949,16,36,0,0,-0.0638297872340425,141.0,119.0,131.0,131.57142857142858,7.6780453861892966,130.21428571428572
2023-08-29,146,4.071669583803115,23,8,1,0,0.1060606060606059,132.0,124.0,125.0,134.71428571428572,8.518886580500356,131.71428571428572
2023-08-30,120,4.73953948670288,16,24,2,0,-0.1780821917808219,146.0,132.0,135.0,133.0,10.198039027185631,130.64285714285714
2023-08-31,115,4.305571827324771,23,0,3,0,-0.0416666666666666,120.0,136.0,133.0,130.0,12.08304597359468,129.35714285714286
2023-09-01,109,5.145441962039381,21,0,4,0,-0.0521739130434782,115.0,119.0,140.0,128.57142857142858,14.033972386761501,127.14285714285714
2023-09-02,142,4.053521191039357,22,10,5,1,0.3027522935779816,109.0,137.0,124.0,129.28571428571428,14.648256844124202,128.42857142857142
2023-09-03,133,3.9472349739988464,16,37,6,1,-0.0633802816901408,142.0,141.0,126.0,128.14285714285714,13.873578863299622,128.92857142857142
2023-09-04,126,3.907821674641452,21,0,0,0,-0.0526315789473684,133.0,132.0,119.0,127.28571428571429,13.780593670258401,129.42857142857142
2023-09-05,129,3.780205644484113,20,9,1,0,0.0238095238095237,126.0,146.0,124.0,124.85714285714286,11.186726828829888,129.78571428571428
2023-09-06,115,2.896124541808716,18,7,2,0,-0.1085271317829457,129.0,120.0,132.0,124.14285714285714,11.696560340951926,128.57142857142858
2023-09-07,151,3.889902686496021,21,25,3,0,0.3130434782608695,115.0,115.0,136.0,129.28571428571428,14.568393708233529,129.64285714285714
2023-09-08,128,2.966072636782004,18,20,4,0,-0.152317880794702,151.0,109.0,119.0,132.0,11.633285577743504,130.28571428571428
2023-09-09,127,4.226016672292884,16,31,5,1,-0.0078125,128.0,142.0,137.0,129.85714285714286,10.838643387259918,129.57142857142858
2023-09-10,133,3.379969853764708,24,0,6,1,0.0472440944881888,127.0,133.0,141.0,129.85714285714286,10.838643387259918,129.0
2023-09-11,131,3.5528336884557903,21,5,0,0,-0.0150375939849624,133.0,126.0,132.0,130.57142857142858,10.70602856427396,128.92857142857142
2023-09-12,128,3.665294902583724,22,0,1,0,-0.0229007633587786,131.0,129.0,146.0,130.42857142857142,10.737118528065,127.64285714285714
2023-09-13,118,3.897532481093377,16,22,2,0,-0.078125,128.0,115.0,120.0,130.85714285714286,10.056980518170421,127.5
2023-09-14,131,4.003434127469519,19,17,3,0,0.1101694915254236,118.0,151.0,115.0,128.0,4.898979485566726,128.64285714285714
2023-09-15,145,4.542239791536535,15,55,4,0,0.1068702290076335,131.0,128.0,109.0,130.42857142857142,8.079957567074027,131.21428571428572
2023-09-16,139,3.711234953246223,21,13,5,1,-0.0413793103448275,145.0,127.0,142.0,132.14285714285714,8.493695140682817,131.0
2023-09-17,142,4.240073068111185,22,10,6,1,0.0215827338129497,139.0,133.0,133.0,133.42857142857142,9.289010404005127,131.64285714285714
2023-09-18,121,5.365433616611783,20,1,0,0,-0.147887323943662,142.0,131.0,126.0,132.0,10.42433051407468,131.28571428571428
2023-09-19,116,4.188675351381615,19,2,1,0,-0.0413223140495867,121.0,128.0,129.0,130.28571428571428,12.051476890327494,130.35714285714286
2023-09-20,124,3.9097551055341833,20,4,2,0,0.0689655172413792,116.0,118.0,115.0,131.14285714285714,11.216484467493634,131.0
2023-09-21,126,3.610424174035852,16,30,3,0,0.0161290322580645,124.0,131.0,151.0,130.42857142857142,11.38503612726152,129.21428571428572
2023-09-22,137,3.902834227289836,15,47,4,0,0.0873015873015872,126.0,145.0,128.0,129.28571428571428,9.995236960911168,129.85714285714286
2023-09-23,109,3.556889828195297,21,0,5,1,-0.2043795620437956,137.0,139.0,127.0,125.0,11.460075625114241,128.57142857142858
2023-09-24,141,4.134330713341886,21,15,6,1,0.2935779816513761,109.0,142.0,133.0,124.85714285714286,11.21648446749373,129.14285714285714
2023-09-25,124,4.051772069319696,24,0,0,0,-0.1205673758865247,141.0,121.0,131.0,125.28571428571429,11.101265479128918,128.64285714285714
2023-09-26,121,2.918890389541104,24,0,1,0,-0.0241935483870967,124.0,116.0,128.0,126.0,10.551461194229796,128.14285714285714
2023-09-27,116,3.9907209971169664,16,20,2,0,-0.0413223140495867,121.0,124.0,118.0,124.85714285714286,11.21648446749373,128.0
2023-09-28,109,4.538073156320007,16,13,3,0,-0.0603448275862068,116.0,126.0,131.0,122.42857142857143,12.67355702315071,126.42857142857143
2023-09-29,134,3.800444073898625,15,44,4,0,0.2293577981651375,109.0,137.0,145.0,122.0,12.1380943040223,125.64285714285714
2023-09-30,126,3.673551613794219,24,0,5,1,-0.0597014925373133,134.0,109.0,139.0,124.42857142857143,10.72158481533329,124.71428571428571
2023-10-01,113,3.311149613441574,22,0,6,1,-0.1031746031746031,126.0,141.0,142.0,120.42857142857143,8.5021005807812,122.64285714285714
2023-10-02,113,3.0710039791877977,22,0,0,0,0.0,113.0,124.0,121.0,118.85714285714286,8.745066636464054,122.07142857142857
2023-10-03,122,4.415674633531627,15,32,1,0,0.0796460176991149,113.0,121.0,116.0,119.0,8.793937305515632,122.5
2023-10-04,143,3.909260835210402,22,11,2,0,0.1721311475409837,122.0,116.0,124.0,122.85714285714286,12.42884509824607,123.85714285714286
2023-10-05,123,4.386010781001711,23,0,3,0,-0.1398601398601399,143.0,109.0,126.0,124.85714285714286,10.854009572942527,123.64285714285714
2023-10-06,111,4.765661872289734,18,3,4,0,-0.097560975609756,123.0,134.0,137.0,121.57142857142857,11.103410029613407,121.78571428571429
2023-10-07,124,4.460623842455172,15,34,5,1,0.117117117117117,111.0,126.0,109.0,121.28571428571429,10.995670143505002,122.85714285714286
2023-10-08,123,3.728813839280602,15,33,6,1,-0.0080645161290322,124.0,113.0,141.0,122.71428571428571,10.371664696249752,121.57142857142857
2023-10-09,99,4.072433832328778,17,0,0,0,-0.1951219512195121,123.0,113.0,124.0,120.71428571428571,13.45008408541625,119.78571428571429
2023-10-10,126,3.692613567421541,19,12,1,0,0.2727272727272727,99.0,122.0,121.0,121.28571428571429,13.59796903602767,120.14285714285714
2023-10-11,124,3.645855768699168,19,10,2,0,-0.0158730158730159,126.0,143.0,116.0,118.57142857142857,9.947481136065917,120.71428571428571
2023-10-12,134,4.171407581201312,23,0,3,0,0.0806451612903225,124.0,123.0,109.0,120.14285714285714,11.509830167130888,122.5
2023-10-13,145,3.583853058440914,24,1,4,0,0.0820895522388058,134.0,111.0,134.0,125.0,13.928388277184265,123.28571428571429
2023-10-14,138,2.8954241904556497,16,42,5,1,-0.0482758620689655,145.0,124.0,126.0,127.0,14.7422295916641,124.14285714285714
2023-10-15,124,3.555926052136312,16,28,6,1,-0.1014492753623188,138.0,123.0,113.0,127.14285714285714,14.701797752073059,124.92857142857143
2023-10-16,116,3.846559425656314,20,0,0,0,-0.0645161290322581,124.0,99.0,113.0,129.57142857142858,9.89708951926693,125.14285714285714
2023-10-17,153,4.760699248915961,23,15,1,0,0.3189655172413792,116.0,126.0,122.0,133.42857142857142,13.036578575392458,127.35714285714286
2023-10-18,128,3.754531275064317,15,38,2,0,-0.1633986928104575,153.0,124.0,143.0,134.0,12.635927614016595,126.28571428571429
2023-10-19,128,4.255962045514638,23,0,3,0,0.0,128.0,134.0,123.0,133.14285714285714,12.837816162008423,126.64285714285714
2023-10-20,127,3.9158458830189655,23,0,4,0,-0.0078125,128.0,145.0,111.0,130.57142857142858,11.830147123023574,127.78571428571429
2023-10-21,130,4.613202571935192,23,0,5,1,0.0236220472440944,127.0,138.0,124.0,129.42857142857142,11.370387604902339,128.21428571428572
2023-10-22,126,4.578548192731979,19,12,6,1,-0.0307692307692307,130.0,124.0,123.0,129.71428571428572,11.235572759681528,128.42857142857142
2023-10-23,122,4.58808755261996,23,0,0,0,-0.0317460317460317,126.0,116.0,99.0,130.57142857142858,10.195704043977686,130.07142857142858
2023-10-24,123,3.133008235291324,18,15,1,0,0.0081967213114753,122.0,153.0,126.0,126.28571428571429,2.8702082220805956,129.85714285714286
2023-10-25,128,4.1033620236224975,16,32,2,0,0.0406504065040651,123.0,128.0,124.0,126.28571428571429,2.8702082220805956,130.14285714285714
2023-10-26,123,4.379469300060974,20,3,3,0,-0.0390625,128.0,128.0,134.0,125.57142857142857,2.9920529661730675,129.35714285714286
2023-10-27,122,4.190769281294665,18,14,4,0,-0.008130081300813,123.0,127.0,145.0,124.85714285714286,3.1847852585161087,127.71428571428571
2023-10-28,130,4.3182981629109145,20,10,5,1,0.0655737704918033,122.0,130.0,138.0,124.85714285714286,3.1847852585161087,127.14285714285714
2023-10-29,127,4.0291755021427385,17,25,6,1,-0.0230769230769231,130.0,126.0,124.0,125.0,3.265986323711566,127.35714285714286
2023-10-30,144,3.6276078966367367,20,24,0,0,0.1338582677165354,127.0,122.0,116.0,128.14285714285714,7.603257447273961,129.35714285714286
2023-10-31,103,3.151451307506874,16,7,1,0,-0.2847222222222222,144.0,123.0,153.0,125.28571428571429,12.216304483684889,125.78571428571429
2023-11-01,141,3.6772152856757625,16,45,2,0,0.3689320388349515,103.0,128.0,128.0,127.14285714285714,13.60672102833231,126.71428571428571
2023-11-02,143,5.339054936819196,23,5,3,0,0.0141843971631205,141.0,123.0,128.0,130.0,14.65150731722402,127.78571428571429
2023-11-03,110,3.757174411954664,21,0,4,0,-0.2307692307692307,143.0,122.0,127.0,128.28571428571428,16.347418610841846,126.57142857142857
2023-11-04,127,3.0203048869546283,17,25,5,1,0.1545454545454545,110.0,130.0,130.0,127.85714285714286,16.334305121722416,126.35714285714286
2023-11-05,127,4.366324680364541,15,37,6,1,0.0,127.0,127.0,126.0,127.85714285714286,16.334305121722416,126.42857142857143
2023-11-06,117,4.427730004341322,22,0,0,0,-0.0787401574803149,127.0,144.0,122.0,124.0,15.022205785658498,126.07142857142857
2023-11-07,123,4.64366219507607,20,3,1,0,0.0512820512820513,117.0,103.0,123.0,126.85714285714286,11.950293879630223,126.07142857142857
2023-11-08,120,4.23548925185339,21,0,2,0,-0.024390243902439,123.0,141.0,128.0,123.85714285714286,10.334869317486744,125.5
2023-11-09,149,4.422800757233476,23,11,3,0,0.2416666666666667,120.0,143.0,123.0,124.71428571428571,12.257165057145146,127.35714285714286
2023-11-10,141,4.9201085674209954,19,27,4,0,-0.0536912751677852,149.0,110.0,122.0,129.14285714285714,11.639423975274429,128.71428571428572
2023-11-11,145,3.6272632539689424,15,55,5,1,0.0283687943262411,141.0,127.0,130.0,131.71428571428572,12.996336480130216,129.78571428571428
2023-11-12,140,3.528074647288141,24,0,6,1,-0.0344827586206896,145.0,127.0,127.0,133.57142857142858,13.138456820306116,130.71428571428572
2023-11-13,122,3.4527067302235355,21,0,0,0,-0.1285714285714285,140.0,117.0,144.0,134.28571428571428,12.188988004400898,129.14285714285714
2023-11-14,128,3.867115206753009,19,14,1,0,0.0491803278688525,122.0,123.0,103.0,135.0,11.54700538379252,130.92857142857142
2023-11-15,138,4.716711209912584,17,36,2,0,0.078125,128.0,120.0,141.0,137.57142857142858,9.466733735510182,130.71428571428572
2023-11-16,121,4.264034183873117,23,0,3,0,-0.1231884057971014,138.0,149.0,143.0,133.57142857142858,9.744351233016062,129.14285714285714
2023-11-17,141,4.244345976354609,15,51,4,0,0.165289256198347,121.0,141.0,110.0,133.57142857142858,9.744351233016062,131.35714285714286
2023-11-18,132,3.090346035667638,15,42,5,1,-0.0638297872340425,141.0,145.0,127.0,131.71428571428572,8.340948901140088,131.71428571428572
2023-11-19,131,3.653406586381791,15,41,6,1,-0.0075757575757575,132.0,140.0,127.0,130.42857142857142,7.502380574572067,132.0
2023-11-20,142,3.0821711835689816,17,40,0,0,0.0839694656488549,131.0,122.0,117.0,133.28571428571428,7.565586245499817,133.78571428571428
2023-11-21,140,4.585622894660772,20,20,1,0,-0.0140845070422535,142.0,128.0,123.0,135.0,7.527726527090811,135.0
2023-11-22,132,4.792823246442866,24,0,2,0,-0.0571428571428571,140.0,138.0,120.0,134.14285714285714,7.470577207252745,135.85714285714286
2023-11-23,147,4.38978336362019,17,45,3,0,0.1136363636363635,132.0,121.0,149.0,137.85714285714286,6.2029179001651435,135.71428571428572
2023-11-24,125,3.5066069771302275,22,0,4,0,-0.1496598639455783,147.0,141.0,141.0,135.57142857142858,7.634508123364206,134.57142857142858
2023-11-25,143,4.741011246807895,24,0,5,1,0.1439999999999999,125.0,132.0,145.0,137.14285714285714,7.904188160474766,134.42857142857142
2023-11-26,143,3.873372544987395,16,47,6,1,0.0,143.0,131.0,140.0,138.85714285714286,7.646972634722097,134.64285714285714
2023-11-27,134,3.392770359623669,23,0,0,0,-0.0629370629370629,143.0,142.0,122.0,137.71428571428572,7.696628822938906,135.5
2023-11-28,141,3.5177978726941537,17,39,1,0,0.0522388059701492,134.0,140.0,128.0,137.85714285714286,7.755182598937034,136.42857142857142
2023-11-29,125,3.7849216822040814,19,11,2,0,-0.1134751773049645,141.0,132.0,138.0,136.85714285714286,8.989411761039923,135.5
2023-11-30,147,4.024789260242353,24,3,3,0,0.1759999999999999,125.0,147.0,121.0,136.85714285714286,8.989411761039923,137.35714285714286
2023-12-01,137,3.919327894174103,22,5,4,0,-0.0680272108843537,147.0,125.0,141.0,138.57142857142858,7.345228447936744,137.07142857142858
2023-12-02,134,3.293665790914486,16,38,5,1,-0.021897810218978,137.0,143.0,132.0,137.28571428571428,7.22759263088991,137.21428571428572
2023-12-03,150,4.606658204592821,20,30,6,1,0.1194029850746267,134.0,143.0,131.0,138.28571428571428,8.518886580500238,138.57142857142858
2023-12-04,132,3.924697040281578,19,18,0,0,-0.12,150.0,134.0,142.0,138.0,8.717797887081266,137.85714285714286
2023-12-05,126,3.6431230718646734,24,0,1,0,-0.0454545454545454,132.0,141.0,140.0,135.85714285714286,9.651054716602571,136.85714285714286
2023-12-06,125,4.555151180991382,23,0,2,0,-0.0079365079365079,126.0,125.0,132.0,135.85714285714286,9.651054716602571,136.35714285714286
2023-12-07,147,3.4082969058667345,19,33,3,0,0.1759999999999999,125.0,147.0,147.0,135.85714285714286,9.651054716602571,136.35714285714286
2023-12-08,128,3.1855549082127426,16,32,4,0,-0.1292517006802721,147.0,137.0,125.0,134.57142857142858,10.064080399406322,136.57142857142858
2023-12-09,159,4.636243723299369,19,45,5,1,0.2421875,128.0,134.0,143.0,138.14285714285714,13.631196712303812,137.71428571428572
2023-12-10,121,4.94569392477517,18,13,6,1,-0.2389937106918238,159.0,150.0,143.0,134.0,13.832329280830969,136.14285714285714
2023-12-11,159,3.7689519906743008,21,33,0,0,0.3140495867768595,121.0,132.0,134.0,137.85714285714286,16.65761659050265,137.92857142857142
2023-12-12,144,3.977014996041428,20,24,1,0,-0.0943396226415094,159.0,126.0,141.0,140.42857142857142,15.893994073833204,138.14285714285714
2023-12-13,142,3.4266676427395484,16,46,2,0,-0.0138888888888888,144.0,125.0,125.0,142.85714285714286,14.369279400032092,139.35714285714286
2023-12-14,138,4.002746275121696,19,24,3,0,-0.028169014084507,142.0,147.0,147.0,141.57142857142858,14.339422848184807,138.71428571428572
2023-12-15,147,3.7621473681344018,21,21,4,0,0.0652173913043479,138.0,128.0,137.0,144.28571428571428,13.085797462825512,139.42857142857142
2023-12-16,143,3.948935779982501,21,17,5,1,-0.0272108843537415,147.0,159.0,134.0,142.0,11.372481406154504,140.07142857142858
2023-12-17,155,4.204629193798621,19,41,6,1,0.0839160839160839,143.0,121.0,150.0,146.85714285714286,7.515064236331219,140.42857142857142
2023-12-18,146,3.4509272609845767,23,8,0,0,-0.0580645161290322,155.0,159.0,132.0,145.0,5.291502622128713,141.42857142857142
2023-12-19,146,3.819094330383716,18,38,1,0,0.0,146.0,144.0,126.0,145.28571428571428,5.282495802625573,142.85714285714286
2023-12-20,142,3.0981092891109108,17,40,2,0,-0.0273972602739726,146.0,142.0,125.0,145.28571428571428,5.282495802625573,144.07142857142858
2023-12-21,145,3.822506357943356,18,37,3,0,0.0211267605633802,142.0,138.0,147.0,146.28571428571428,4.23140188409896,143.92857142857142
2023-12-22,149,3.9532829645415,19,35,4,0,0.0275862068965517,145.0,147.0,128.0,146.57142857142858,4.353433237385764,145.42857142857142
2023-12-23,129,4.114491212530539,20,9,5,1,-0.1342281879194631,149.0,143.0,159.0,144.57142857142858,7.976154939508321,143.28571428571428
2023-12-24,133,4.119788270181604,17,31,6,1,0.0310077519379845,129.0,155.0,121.0,141.42857142857142,7.502380574571758,144.14285714285714
2023-12-25,155,4.451961375368428,16,59,0,0,0.1654135338345865,133.0,146.0,159.0,142.71428571428572,9.031690238899094,143.85714285714286
2023-12-26,149,3.23016674036334,18,41,1,0,-0.0387096774193548,155.0,146.0,144.0,143.14285714285714,9.281317640445966,144.21428571428572
2023-12-27,146,3.256861485024853,19,32,2,0,-0.0201342281879194,149.0,142.0,142.0,143.71428571428572,9.32227235735783,144.5
2023-12-28,149,4.2644789681962605,18,41,3,0,0.0205479452054795,146.0,145.0,138.0,144.28571428571428,9.53439887485087,145.28571428571428
2023-12-29,152,2.980519361497292,17,50,4,0,0.0201342281879195,149.0,149.0,147.0,144.71428571428572,9.84402163268434,145.64285714285714
2023-12-30,144,4.091650106052496,22,12,5,1,-0.0526315789473684,152.0,129.0,143.0,146.85714285714286,7.104659772021776,145.71428571428572
2023-12-31,142,3.409853530205053,24,0,6,1,-0.0138888888888888,144.0,133.0,155.0,148.14285714285714,4.525062483124807,144.78571428571428
